,food_name,glycemic_index(GI),sugar
0,"Banana cake, made with sugar",47,14
1,"Banana cake, made without sugar",55,12
2,Chocolate cake made from packet mix,38,20
3,"Cupcake, strawberry-iced (Squiggles,",73,19
4,Lamingtons (sponge dipped in chocolate and,87,25
5,"Pound cake 0% (Bimbo S.A de C.V, Mexico",38,9
6,"Raspberry Coffee cake, President's Choice®",50,13
7,"Vanilla cake, made from packet mix with",42,24
8,"Apple Berry crumble, President's Choice®",41,14
9,"Bavarian (mousse filling on biscuit base), Chocolate",31,6
10,"Danish, Apple & Peach, light (Sara Lee Bakery,",50,11
11,"Doughnut, wheat dough, deep-fried (China)",75,15
12,"Apple muffin, made with rolled oats and sugar",44,13
13,"Apple muffin, made rolled oats and without sugar",48,9
14,"Apple Blueberry muffin (Sara Lee Bakery, Australia)",49,12
15,"Apple, oat, sultana muffin (Australia)",54,14
16,"Apricot, coconut and honey muffin (Australia)",60,16
17,"Banana, oat and honey muffin (Australia)",65,17
18,"Blueberry muffin (Sara Lee Bakery, Australia)",50,15
19,"Blueberry (Wild) 10-Grain muffin, President's Choice®",57,22
20,Chocolate butterscotch muffin (Australia),53,15
21,"Chocolate chip muffin (Sara Lee Bakery, Australia)",52,17
22,"Cranberry & Orange Soy muffin, President's Choice®",48,14
23,"Double chocolate muffin (Sara Lee Bakery, Australia)",46,16
24,"Muffin, plain, made from wheat flour (Spain)",46,11
25,"Muffin, reduced-fat, low-calorie, made from",37,9
26,"Raisin Bran Flax muffin, President's Choice®",52,17
27,"Raspberry Pomegranate muffin, President's Choice®",58,19
28,"Pancakes, homemade (Fiji)",66,17
29,"Pancakes, prepared from shake mix",67,38
30,"Pancakes, prepared from wheat flour (China)",80,16
31,"Pancakes, buckwheat, gluten-free, made from packet 1",102,23
32,"Pancakes, gluten-free, made from packet mix",61,32
33,"Pastry, puff (PampasTM, Australia)",56,11
34,"Pikelets, Golden brand (Tip Top Bakeries,",85,18
35,"Scones, plain, made from packet mix",92,8
36,"Aussie Bodies Start the Day UHT, Choc Banana  24",24,4
37,"Aussie Bodies Start the Day UHT, Chocolate  26",26,4
38,"Beer, Toohey's New (Tooheys Pty Limited, Australia)7 66",66,5
39,"Chocolate DaydreamTM shake, fructose (Revival 33",33,6
40,"Chocolate DaydreamTM shake, sucralose (Revival 25",25,1
41,"Coca Cola®, soft drink (Coca Cola Amatil, Sydney,  53±",53,14
42,"Cordial, orange, reconstituted (Berri Ltd,  66±",66,13
43,"Fanta®, orange soft drink 68±",68,23
44,"Lemonade, Scheweppes®, lemon soft drink  54±",54,15
45,"Mars Active® Energy Drink, flavored milk  46±",46,15
46,"Orange Delight Cocktail with pulp,  44",44,7
47,"RibenaTM blackcurrant fruit syrup, reconsituted  52±",52,17
48,"Rice milk drink, low-fat, Australia's Own NaturalTM  92±",92,29
49,"Vitasoy® rice milk, low-fat, calcium enriched  79±",79,17
50,Slim FastTM French Vanilla ready-to-drink shake  37±,37,10
51,"Smoothie, banana (Australia) 30",30,8
52,"Smoothie, banana and strawberry, V8 Splash®  44±",44,11
53,"Smoothie, mango (Australia) 32",32,9
54,"Smoothie, raspberry (Con Agra Inc, Omaha, USA) 33±",33,14
55,"Smoothie drink, soy, banana  30",30,7
56,"Smoothie drink, soy, chocolate hazelnut 34",34,8
57,"SoloTM, lemon squash, soft drink  58±",58,17
58,"Soy Beverage, Chocolate flavored, President's 40±",40,11
59,"Soy Beverage, Original flavored, President's Choice®  15",15,1
60,"Soy Beverage, Vanilla flavored, President's Choice® 28",28,4
61,"Up & Go, cocoa malt flavor (soy milk, rice cereal liquid 43±",43,11
62,"Up & Go, original malt flavor (soy milk, rice cereal  46±",46,11
63,"V8 Splash®, tropical blend fruit drink  47±",47,13
64,"Xpress, chocolate (soy bean, cereal and 39±",39,13
65,V8® 100% vegetable juice 43,43,4
66,"Yakult®, fermented milk drink with   4",46,6
67,"Yakult® Light, fermented milk drink with 3",36,3
68,Gatorade® (Spring Valley Beverages Pty  78±1,78,12
69,"Isostar® (Novartis Consumer Health,  70±1",70,13
70,"Sustagen Sport® (Mead Johnson,  43±",43,21
71,"Thorpedo® Advanced Hydration for Kids, all flavors  11",11,4
72,"Thorpedo® Ultra Low GI Energy Water, all flavors 16",16,2
73,"Aussie Bodies Trim Protein Shake, Chocolate  39",39,5
74,"Aussie Bodies Trim Protein Shake, French Vanilla  41",41,5
75,"Build-UpTM nutrient-fortified drink, vanilla  41±",41,14
76,"CinchTM Café Latte weight management powder,  27",27,8
77,"CinchTM Chocolate weight management powder, 16",16,5
78,"CinchTM Vanilla weight management powder,  22",22,6
79,Complete Hot Chocolate mix made with  51±,51,12
80,"Hi-Pro energy drink mix, vanilla, containing soy 36",36,7
81,"Malted milk powder in full-fat milk (Nestlé, Australia) 45±",45,12
82,"MiloTM (Nestlé, Australia) dissolved in water  55",55,9
83,"MiloTM (Nestlé, Auckland, New Zealand)  52",52,8
84,"MiloTM (Nestlé, Australia) dissolved in full-fat milk  35",35,9
85,"MiloTM (Nestlé, New Zealand) dissolved in full-fat milk  36",36,9
86,MiloTM Breakfast Smoothie powder prepared  39±,39,13
87,"NutrimealTM, meal replacement drink, Dutch Chocolate  26",26,4
88,"NutrimealTM, meal replacement drink, all flavors  20",20,3
89,"Proform Hi-protein powder, neutral flavor,   45±",45,22
90,"Proform Hi-protein powder, vanilla flavor, prepared 42±",42,21
91,"QuikTM, chocolate (Nestlé, Australia), made with water",53,4
92,"QuikTM, chocolate (Nestlé, Australia), prepared with",41,5
93,"QuikTM, strawberry (Nestlé, Australia), prepared",64,5
94,"QuikTM, strawberry (Nestlé, Australia), prepared",35,4
95,Traditional French baguette (prepared with wheat,57,10
96,"Whole Grain Baguette, President's Choice® Blue",73,9
97,French baguette with chocolate spread (France),72,27
98,French baguette with butter and strawberry jam,62,26
99,"Pain au lait (Pasquier, France)",63,20
100,"Sunflower and barley bread (Riga bakeries,",57,6
101,"Sunflower and barley bread (Vogel's, UK)",70,8
102,"Barley flour bread, made from 50% wheat flour and",74,12
103,"Barley flour bread, made from 80% wheat flour and",70,11
104,"Whole grain barley flour bread, made from 50% barley",85,15
105,Buckwheat bread (China),67,13
106,"Corn tortilla, made from white corn, Diego's brand",49,11
107,"Bürgen® Fruit loaf (Tip Top Bakeries,",44,6
108,Bürgen® Fruit and Muesli brea,53,7
109,"Continental fruit loaf, wheat bread",47,7
110,"Fruit and cinnamon bread (Finest, UK)",71,11
111,"Fruit and Spice Loaf, thick sliced",54,8
112,"Fruit loaf, sliced (UK",57,9
113,"HappinessTM (cinnamon, raisin, pecan bread)",63,9
114,"Muesli bread, made from packet mix i",54,7
115,Whole-wheat bread with dried fruit (China,47,7
116,"Gluten-free multigrain bread (Country Life Bakery,",79,10
117,"Gluten-free white bread (Country Life Bakery, Autralia",40,3
118,"Gluten-free buckwheat bread, made with buckwhea",72,8
119,"100% Whole wheat Gigantico Burger Buns,",62,7
120,"100% Whole wheat Gigantico Hot Dog Rolls,",62,7
121,Oatmeal batch bread (UK,62,9
122,"Rice bread, low-amylose Calrose rice",72,8
123,"Rye bread, 69% whole-grain rye flour",78,11
124,"Blackbread, Riga (Berzin's Specialty Bakery,",76,10
125,"BürgenTM Dark/Swiss rye (Tip Top Bakeries, Australia)",55,6
126,"BürgenTM Rye (Tip Top Bakeries, Australia",51,5
127,Country Grain Organic Rye,53,5
128,"Roggenbrot, Vogel's (Stevns & Co, Sydney,",59,8
129,Rye Hi-Soy with Linseed,55,5
130,"Schinkenbrot, Riga (Berzin's Specialty Bakery,",86,12
131,"Spelt multigrain bread® (Pav's bakery, Australia)",54,7
132,White flour (UK),59,8
133,White flour (Canada),69,10
134,"White flour (Sainsbury's, UK)",70,10
135,White flour bread,71,10
136,"White flour (Pepperidge Farm, Norwalk, CT, USA)",71,11
137,White flour (South Africa,71,9
138,"White flour (Hovis, UK)",73,11
139,"White flour (Vodova veka Penam, Olomouc,",75,13
140,"White flour (Hovis, UK)",75,11
141,White flour (China),88,12
142,White flour (Italy),89,18
143,"White bread, toasted (Hovis, UK",50,7
144,"WonderTM, enriched white bread",71,10
145,"WonderTM, enriched white bread",72,10
146,"WonderTM, enriched white bread",77,11
147,White bread with added wheatgerm and fiber (UK),59,6
148,"White bread with 3 g Sunfibre, viscosity 1",63,10
149,"White bread with 5 g Sunfibre, viscosity 1",64,10
150,"White bread with 10 g Sunfibre, viscosity 1",68,11
151,"White bread with 15 g Sunfibre, viscosity 1",56,10
152,"White bread with 5 g Sunfibre, viscosity 2",55,9
153,White bread consumed with 5 g Sunfibre (Tai,49,
154,White bread consumed with 10 g Sunfibre (Tai,57,
155,White bread consumed with 10 g insoluble dextr,66,
156,White bread consumed with 10 g inulin (Orafti,67,
157,"White bread, prepared with a 10 min prove and a",38,5
158,"White bread, prepared with a 30 min prove and a",72,9
159,"White bread, prepared with a 60 min prove and a",86,11
160,"White bread, prepared with a 40 min prove, a second",100,13
161,"Fiber WhiteTM (Nature's Fresh,",77,11
162,"WonderwhiteTM (Buttercup Bakeries, Australia)",80,11
163,"Wholemeal flour (Hovis, UK",68,7
164,Wholemeal flour (China,69,9
165,"Wholemeal flour (Sainsbury's, UK)",71,8
166,Wholemeal flour (Canada,72,8
167,"Wholemeal flour (Hovis, UK",74,8
168,Wholemeal flour (South Africa,75,9
169,"Wholemeal flour (Tip Top Bakeries, Australia",77,9
170,"Wholemeal flour (Tip Top Bakeries, Australia)",78,9
171,Wholemeal flour (France),85,13
172,"Wholemeal bread, stoneground flour (Bill's Organic",59,7
173,"Wholemeal flour, stoneground (Waitrose, UK)",66,8
174,Bakers DelightTM Hi Fibre Lo GI white bread,52,8
175,Bakers DelightTM Wholemeal Country Grain brea,53,6
176,BürgenTM Mixed Grain,34,4
177,BürgenTM Mixed Grain,45,5
178,BürgenTM Mixed Grai,52,5
179,BürgenTM Oat Bran & Honey Loaf with Barle,31,3
180,BürgenTM Oatbran & Honey bread,49,5
181,"BürgenTM Pumpkin Seed bread, containing 6%",49,4
182,"Bürgen® Soy-Lin, kibbled soy (8%) and linseed (8%",36,3
183,Bürgen® Wholmeal & Seeds,39,2
184,"Crusty malted wheat bread (Finest, UK",52,7
185,"English MuffinTM bread (Natural Ovens, USA)",77,11
186,"English Muffin, Whole Grain Multigrain,",45,5
187,Golden HearthTM Organic Heavy Wholegrain bread,53,7
188,Healthy ChoiceTM Hearty 7 Grain,55,8
189,Healthy ChoiceTM Hearty 100% Whole Grain,62,9
190,"Helga'sTM Classic Seed Loaf (Quality Bakers,",68,9
191,Helga'sTM Traditional Wholemeal bread,70,9
192,"Hunger FillerTM, whole grain brea",59,7
193,"Malt loaf, organic (UK)",59,12
194,"MolenbergTM (Goodman Fielder, Auckland,",75,11
195,"Multigrain bread (Sainsbury's, UK)",80,8
196,Multigrain batch bread (UK,62,9
197,"9-Grain Multi-Grain (Tip Top Bakeries, Australia",43,6
198,"Multigrain Loaf, spelt wheat flour (Australia)",54,8
199,Multiseed bread (UK,54,7
200,"Nutty NaturalTM, whole grain bread",59,7
201,"PerformaxTM (Country Life Bakery, Australia",38,5
202,"Ploughman'sTM  Wholemeal, smooth milled",64,9
203,Seeded bread (UK,49,6
204,"Sourdough Vienna bread, Bakers DelightTM",66,10
205,Soy & Linseed bread (made from packet mix cooke,50,5
206,"Stay TrimTM, whole grain bread (Natural Ovens, USA)",70,10
207,"3 Grain Bread, sprouted grains (Stonemill Bread",55,5
208,"Vogel's Honey & Oats (Stevns & Co, Sydney, Australia",55,8
209,Vogel's Wonder White 'Low GI' white brea,54,6
210,"100% Whole GrainTM bread (Natural Ovens, USA)",51,7
211,"Lebanese bread, white (Seda Bakery, Sydney, Australia)",75,12
212,"Pita bread, white, mini (UK)",68,10
213,"Pita bread, wholemeal (UK)",56,8
214,"All-BranTM (Kellogg's Inc., Canada)",51,12
215,"All-BranTM (Kellogg's, Battle Creek, MI, USA)",55,12
216,"All-Bran Fruit 'n OatsTM (Kellogg's, Australia",41,7
217,"All-Bran Soy 'n fiberTM (Kellogg's, Australia",33,4
218,"All-Bran Wheat FlakesTM (Kellogg's, Australia)",60,12
219,"BalanceTM (Sainsbury's, UK)",74,17
220,Barley flakes (China),69,14
221,"Bran cereal, high fiber (UK)",43,5
222,"Branflakes (Healthy Living, UK)",50,10
223,"Bran Flakes, President's Choice® Blue MenuTM",65,12
224,"ChocapicTM, wheat-based flaked cereal (2003)",70,17
225,"ChocapicTM, wheat-based flaked cereal (2003)",74,19
226,"ChocapicTM, wheat-based flaked cereal (2003)",84,22
227,"Coco PopsTM (Kellogg's, Australia)",77,20
229,Cornflakes (China),74,19
230,Cornflakes (China),79,20
231,"CornflakesTM (Kellogg's Inc., Canada)",80,21
232,"Cornflakes (Kellogg's, UK)",93,23
233,"Cornflakes, Crunchy NutTM (Kellogg's, Australia)",72,17
234,"Corn PopsTM (Kellogg's, Australia)",80,21
235,"Energy MixTM, wheat-based flaked cereal",80,20
236,"Fibre First Multi-Bran Cereal, President's Choice®",56,6
237,"Froot LoopsTM (Kellogg's, Australia)",69,18
238,"Fruit and FibreTM (Sainsbury's, UK)",61,13
239,Fruit and Fibre (UK),67,14
240,"Fruit and Fibre (Value, UK)",68,13
241,"Fruity-BixTM, berry (Sanitarium, New Zealand) 1",113,25
242,"Golden WheatsTM (Kellogg's, Australia)",71,16
243,"Granola Clusters, Original, low fat,",63,14
244,"Granola Clusters, Raisin & Almond, low fat,",70,15
245,"GrapenutsTM (Kraft Foods Inc, Port Chester, USA)",75,16
246,"GuardianTM (Kellogg's, Australia",37,5
247,"HealthwiseTM for bowel health (Uncle Toby's,",66,12
248,High-fiber cereal (UK,52,9
249,"Hi-LiteTM, containing 55% rolled barley grains",54,10
250,"Honey Rice BubblesTM (Kellogg's, Australia)",77,20
251,"Honey SmacksTM (Kellogg's, Australia)",71,16
252,"Hot cereal, apple & cinnamon (Con Agra Inc, USA",37,8
253,"Hot cereal, unflavored (Con Agra Inc., USA",25,5
254,"Just RightTM (Kellogg's, Australia)",60,13
255,"Just Right Just GrainsTM (Kellogg's, Australia)",62,14
256,Kashi Seven Whole Grain Puffs,65,16
257,"KompleteTM (Kellogg's, Australia)",48,10
258,"Mini WheatsTM (Kellogg's, Australia)",58,12
259,"Mini Wheats (Sainsbury's, UK)",59,12
260,"Mini WheatsTM, blackcurrant (Kellogg's, Australia)",72,15
261,"Alpen original muesli, made from steamed rolled oats",55,11
262,Bürgen® Soy-LinTM Muesli,51,9
263,"Muesli (Value, UK)",64,12
264,Muesli (Canada),66,16
265,"Muesli (Healthy Eating, UK)",86,18
266,"Muesli, fruit (UK)",67,14
267,"Muesli, fruit and nut (UK)",59,11
268,"Muesli, gluten-free with Psyllium",50,5
269,"Muesli, Light, mixed berry & apple flavor,",64,13
270,"Muesli, Lite (Sanitarium, New Zealand)",54,10
271,"Muesli, Morning Sun Natural Apricot & Almon",49,6
272,"Muesli, Natural (Sanitarium, Australia",40,8
273,"Muesli, Natural (Sanitarium, New Zealand)",57,11
274,"Muesli, Natural Style Original Swiss Formula",62,11
275,"Muesli, Naytura Fruit and Nut",48,7
276,"Muesli, Swiss Bircher (Woolworths Limited, Australia",52,9
277,"Muesli, Swiss Formula (Uncle Toby's, Australia",56,9
278,"Muesli, toasted, with nuts (Australia)",65,11
279,"Muesli, wholewheat (UK)",56,10
280,"Muesli, yeast & wheat free (Freedom Foods, Australia",45,4
281,Vogel's Café Style Fibre-Rich Muesli,48,9
282,"NutrigrainTM (Kellogg's, Australia)",66,10
283,"15 g Oat bran (containing 2 g β-glucan), consume",84,2
284,"30 g Oat bran (containing 4 g β-glucan), consumed",58,2
285,"30 g Oat bran (containing 4 g β-glucan), consumed",64,2
286,"45 g Oat bran (containing 6 g β-glucan), consumed",64,2
287,"Oat 'n Honey BakeTM (Kellogg's, Australia)",77,13
288,"Oats, rolled, uncooked (Lowan's Whole Foods,",59,11
289,"Porridge, made from rolled oats cooked for 20 min",49,11
290,"Porridge oats (Freedom Foods, Australia)",50,10
291,Traditional porridge oats,51,11
292,"Porridge, made from steel-cut oats, cooked in water",52,17
293,Porridge (China),55,13
294,"Traditional Rolled Oats (Woolworths Limited, Australia)",57,11
295,"Old-Fashioned Steel Cut Oats, President's Choice®",57,14
296,"Porridge (Hubbards, New Zealand)",58,12
297,Porridge (Australia),58,12
298,"Porridge (Value, UK) 6",63,19
299,"Porridge, organic (UK) 6",63,18
300,"Porridge, Scottish (UK)",63,20
301,"Multi grain instant oatmeal, Regular and Cinnamon",55,14
302,"Multigrain porridge, containing rolled oats, wheat,",55,19
303,"Oat porridge made from 0.5-0.6 mm thick flakes,",76,19
304,Instant porridge (China),69,14
305,"Instant oat porridge, cooked in microwave 8",82,20
306,"Instant oatmeal porridge, made from packet (China)",83,18
307,Instant oat cereal porridge prepared with water (UK) 8,83,30
308,"Pop TartsTM, Double Chocolate (Kellogg's, Australia)",70,25
309,"Puffed Wheat (Sanitarium, Australia)",80,17
310,"Raisin BranTM (Kellogg's, USA)",61,12
311,"Rice Bran, extruded (Rice Growers Co-Operative Ltd,",19,3
312,"Rice BubblesTM (Kellogg's, Australia)",85,22
313,"Rice BubblesTM (Kellogg's, Australia)",92,24
314,Shredded Wheat (Canada),67,13
315,"Soy Crunch Multi-Grain Cereal, President's Choice",47,9
316,"Special KTM (Kellogg's, Australia)",54,11
317,"Special KTM (Kellogg's, USA)",69,14
318,"Special KTM, made from rice (Kellogg's, France)",84,20
319,"Soy TastyTM (flaked grains, soy nuts, dried fruit)",60,12
320,"SoytanaTM, Vogel's, soy and linseed bran crunch",49,12
321,"Sultana BranTM (Kellogg's, Australia) (2007)",64,12
322,"Sultana BranTM (Kellogg's, Australia) (1997)",73,14
323,"SustainTM, Original (Kellogg's, Australia) (2007)",55,12
324,"Ultra-branTM, Vogel's, soy and linseed extruded",41,5
325,"Vogel's Cluster Crunch Classic (Specialty Cereals,",50,10
326,"Vogel's Cluster Crunch, Honey Hazelnut",43,8
327,Wild Oats Cluster Crunch Hazelnut Chocolat,43,8
328,"Wheat-bitesTM (Uncle Toby's, Australia)",72,18
329,"Vita-BritsTM (Uncle Toby's, Australia)",68,13
330,"Weet-BixTM (Sanitarium, Australia)",69,12
331,WeetabixTM (Weetabix of Canada Ltd.),75,16
332,"Whole wheat GoldiesTM (Kellogg's, Australia)",70,14
333,Wheat based cereal biscuit (UK),72,14
334,"Good StartTM, muesli wheat biscuits",68,14
335,"Hi-Bran Weet-BixTM, wheat biscuits with extra",61,10
336,Hi-Bran Weet-BixTM with soy and linsee,57,9
337,Honey GoldiesTM (Kellogg's Australia),72,15
338,"Lite-BixTM, plain, no added sugar",70,14
339,"Oat bran Weet-BixTM (Sanitarium, Australia)",57,11
340,Sultana GoldiesTM (Kellogg's Australia),65,13
341,"Branflakes (Sainsbury's, UK), with semi-skimmed milk",76,15
342,"Cereal flakes with fruit (30 g), consumed with 125 mL",57,16
343,Cocoa Crunch cereal (30 g) with 125 mL skim milk (UK) 5,58,16
344,"Cornflakes (Sainsbury's, UK) (30 g), consumed with",65,16
345,"Honey Crunch cereal (30 g), consumed with",54,16
346,"Hot oat cereal (30 g), berry flavor (UK)",43,11
347,"Hot oat cereal (30 g), cocoa flavor (UK)",40,9
348,"Hot oat cereal (30 g), fruit flavor (UK)",47,12
349,"Hot oat cereal (30 g), honey flavor (UK)",47,12
350,"Hot oat cereal (30 g), orchard fruit flavor (UK)",50,12
351,Hot oat cereal (30 g) (UK),47,11
352,Hot oat cereal (30 g) (UK),40,9
353,"Muesli, gluten-free (Freedom Foods, Australia)",39,7
354,"Muesli, Original (Sainsbury's, UK), consumed",60,11
355,"Muesli, Swiss (Sainsbury's, UK), consumed with",60,12
356,"Muesli, Wheat free (Pertwee Farm's, UK), consume",49,9
357,"Porridge, jumbo oats (Sainsbury's, UK), consumed",40,9
358,"Porridge, small oats (Sainsbury's, UK), consumed",61,14
359,"PreciseTM (Sainsbury's, UK), with semi-skimmed milk",59,14
360,"Rice PopsTM (Sainsbury's, UK),",80,20
361,"Cereal biscuit (30 g), cocoa flavor (UK)",46,12
362,"Cereal biscuit (30 g), fruit flavor (UK)",56,15
363,"Cereal biscuit (30 g), honey flavor (UK)",52,14
364,"Cereal biscuit (30 g), wheat based (UK)",47,12
365,"Cereal bar, cranberry flavor (UK",42,6
366,"Cereal bar, hazelnut flavor (UK",33,4
367,"Cereal bar, orange flavor (UK",33,5
368,"Crunchy Nut CornflakesTM bar (Kellogg's, Australia)",72,19
369,"Fiber PlusTM bar (Uncle Toby's, Australia)",78,18
370,"Fruity-BixTM bar, wheat biscuit cereal with dried fruit",56,11
371,"Fruity-BixTM bar, wild berry, wheat biscuit cereal and",51,9
372,"Hi-LiteTM breakfast bar (Freedom Foods, Australia)",53,11
373,"K-Time Just RightTM bar (Kellogg's, Australia)",72,17
374,"K-Time Strawberry CrunchTM bar (Kellogg's, Australia)",77,19
375,"Muesli breakfast bar, gluten-fre",50,9
376,"Omega bar, containing linseeds, sunflower kernels",21,3
377,"Rice Bubble TreatTM bar (Kellogg's, Australia)",63,15
378,"SustainTM bar (Kellogg's, Australia)",57,14
379,"Barley, pot, boiled in salted water 20 min",25,11
380,"Barley, pearled, boiled 60 min (UK)",35,15
381,"Barley, pot, boiled (Goudas Food Products, Canada)",35,15
382,"Barley, rolled (Australia) 66±5",66,25
383,Corn granules (China),52,15
384,Cornmeal porridge (China),68,9
385,"Sweet corn, 'Honey & Pearl' variety (New Zealand) 3",37,11
386,Sweet corn (China),55,18
387,Sweet corn (South Africa),62,20
388,"Couscous, rehydrated with hot water",65,9
389,Millet porridge (China),62,22
390,"Quinoa, cooked, refridgerated, reheated in microwave",53,13
391,"Arborio, risotto rice, boiled (SunRice brand,",69,36
392,Type NS (Canada),72,30
393,Type NS (China),83,30
394,"Long grain, white (Uncle Bens, Auckland,",56,24
395,"Premium long grain, white (SunRice brand,",59,24
396,"Long grain, white, boiled 7 min (Star brand,",64,26
397,"Long grain, boiled (Star Brand, Goudas Food",69,28
398,"Long grain, parboiled 10 min cooking time",68,25
399,"Long grain, parboiled, 20 min cooking time",75,28
400,"Long grain, white, pre-cooked, microwaved 2 min",52,19
401,"Long Grain White Rice in 90 Seconds, microwaved",76,44
402,"Medium grain white rice, boiled 12 mins",75,29
403,Rice porridge (China),69,23
404,Rice porridge (Australia),88,13
405,"Rice porridge, made from rice bran (China)",19,3
406,"Rice porridge, made from black rice (China)",42,14
407,"Rice porridge, made from Sticky rice (China)",65,21
408,"American, easy-cook rice (Sainsbury's, UK) 4",49,22
409,"Broken rice, white, cooked in rice cooker  8",86,37
410,"Brown Rice, Uncle Ben's® Ready Whole Grain",48,20
411,"Brown & Wild, Uncle Ben's® Ready Whole Grain",45,18
412,"Chicken Flavored Brown Rice, Uncle Ben's® Ready",46,18
413,"Glutinous rice, white, cooked in rice cooker",98,31
414,"Jasmine Fragrant rice, white (SunRice brand,",89,37
415,"Jasmine rice, white long grain, cooked in rice cooker  10",109,46
416,"Long Grain and Wild, Uncle Ben's® Ready Rice",49,21
417,"Original Long Grain, Uncle Ben's® Ready Rice",48,22
418,"Red Raw rice, Sri Lankan, cooked in rice cooker 59±4 1",59,46
419,"Roasted Chicken Flavored, Uncle Ben's® Ready",51,21
420,"Santa Fe, Uncle Ben's® Ready Whole Grain",48,18
421,"Spanish Style, Uncle Ben's® Ready Rice (pouch)",51,22
422,"Vegetable Harvest, Uncle Ben's® Ready Whole",48,17
423,"Calrose, white, medium grain, boiled (Rice Growers  8",83,36
424,"Sungold, Pelde, parboiled (Rice Growers Co-op.,",87,37
425,"Waxy (0-2% amylose) (Rice Growers Co-op., Australia) 8",88,38
426,"Pelde, white (Rice Growers Co-op., Australia) 9",93,40
427,"Doongara, white, cooked in rice cooker (2007)",48,19
428,"Doongara, white (1995)",50,20
429,"Doongara, white (2005)",54,21
430,"Doongara, white (1995)",54,21
431,"Doongara, white (1992)",64,25
432,"Basmati, white, boiled (Sainsbury's, UK)",43,18
433,"Basmati, white, boiled 12 min (Value, UK) 5",52,15
434,"Basmati, white, organic, boiled 10 min (UK) 5",57,23
435,"Basmati, white, boiled (Mahatma brand, Australia)",58,22
436,"Basmati, white, boiled (SunRice brand,",65,25
437,"Basmati, white, boiled 8 min (UK)",69,28
438,"Basmati, easy cook, boiled 9 min (UK) 6",67,28
439,"Basmati, easy-cook rice (Sainsbury's, UK)",68,28
440,"Precooked basmati rice in pouch, white, reheated in",57,24
441,"Quick cooking white basmati, cooked 10 min,",60,23
442,"Japanese Style Sushi rice, white (SunRice brand, 8",85,33
443,"Japonica, short-grain brown rice (Japan)",62,26
444,"Japonica short-grain brown rice,",54,22
445,"Japonica short-grain brown rice,",57,23
446,"Koshikari (Japonica), white, short-grain,",48,18
447,"Japonica, short-grain white rice (Japan)",76,35
448,"Japonica, short-grain white rice (Japan)",75,34
449,Japonica white rice and pre-germinated Japonica,64,27
450,Japonica white rice and pre-germinated Japonica,67,30
451,"Koshihikari rice, white (SunRice brand,",73,28
452,"Japonica rice with 3 g Sunfibre, viscosity 1",68,27
453,"Japonica rice with 5 g Sunfibre, viscosity 1",66,26
454,Brown (Canada),66,21
455,"Brown rice, boiled in excess water for 25 mins",72,29
456,Brown rice (China),87,29
457,"Calrose brown (Rice Growers Co-op, Australia)",87,33
458,"Doongara brown, high amylose",66,24
459,"Medium Grain Brown Rice in 90 seconds,",59,30
460,"Pelde brown (Rice Growers Co-op, Australia)",76,29
461,"Parboiled, cooked 20 min, Uncle Ben's Natur-reis®",64,23
462,"Sunbrown QuickTM (Rice Growers Co-op, Australia)",80,31
463,"Instant rice, white, cooked 3 min (China)",46,19
464,"Instant rice, white, cooked 6 min",87,36
465,"Instant rice, white, cooked 6 min (China)",87,37
466,"Puffed, white, cooked 5 min, Uncle Ben's Snabbris®",74,31
467,"Instant Doongara, white, cooked 5 min",94,39
468,"Parboiled, low-amylose, Pelde, Sungold",87,34
469,"Parboiled, high-amylose (28%), Doongara",50,19
470,"Rice, Sticky (China)",87,24
471,"Rice, Sticky (China)",88,25
472,"Rice, Sticky, high-amylose (China)",50,14
473,"Wheat, whole kernels (Triticum aestivum)(India)14 30±9",30,11
474,"Durum wheat, precooked, cooked 20 min  52±4",52,19
475,"Durum wheat, precooked, cooked 10 min (Ebly, France) 50±5",50,17
476,"Durum wheat, precooked in pouch,",40,16
477,"Quick cooking (White Wings, Sydney, Australia) 5",54,25
478,"Apricot Temptation fruit cookies, 97% fat-free",47,8
479,"Milk ArrowrootTM (Arnotts, Sydney, NSW, Australia)",69,12
480,"Barquette Abricot (LU, Ris, Orangis, France)",71,23
481,Bebe Dobre Rano Chocolate (2002),46,16
482,Bebe Dobre Rano Chocolate (2006),46,16
483,Bebe Dobre Rano Chocolate,57,19
484,"Bebe Dobre Rano Coconut (LU, Czech Republic)",48,16
485,"Bebe Dobre Rano Four Cereals (LU, Czech Republic)",51,17
486,Bebe Dobre Rano Honey and Hazelnuts,51,17
487,Bebe Dobre Rano Nuts and Honey (2002),41,14
488,Bebe Dobre Rano Nuts and Honey (2006),45,15
489,"Bebe Dobre Rano with Milk (LU, Czech Republic)",50,18
490,"Bebe Jemne Susenky (Opavia/LU, Czech Republic)",67,14
491,"Better Choice Multicereals (LU, Denmark)",51,17
492,Better Choice Wholegrain (LU Denmark),46,16
493,Digestives (UK,39,6
494,Digestives (Canada,59,9
495,"Evergreen met Krenten (LU, Netherlands)",66,14
496,"Gran'Dia Banana, Oats and Honey (LU, Brazil",28,6
497,"Gran'Dia Chocolate with five cereals (Danone, Brazil",39,8
498,"Grany en-cas Abricot (LU, France",55,9
499,"Grany en-cas Fruits des bois (LU, France",50,7
500,"Grany Rush Apricot (LU, Netherlands)",62,12
501,Györi édes Jó reggelt! Müzlivel és gyümölccsel (2002),45,16
502,Györi édes Jó reggelt! Müzlivel és gyümölccsel (2003),49,18
503,Györi édes Jó reggelt! Müzlivel és gyümölccsel (2004),47,17
504,"Highland OatmealTM (Westons Biscuits, Australia)",55,10
505,"Jo Reggelt Fruits and Figs (LU, Hungary)",41,14
506,"Jubilee Nuts and Honey (LU, Russia) (2002)",44,15
507,"Jubilee Nuts and Honey (LU, Russia) (2003)",45,15
508,Jyväshyvä Paussi Mysli and Fruits (2002),45,16
509,Jyväshyvä Paussi Mysli and Fruits (2003),49,18
510,Jyväshyvä Paussi Mysli and Fruits (2004),47,17
511,Jyväshyvä Paussi Vanilla (LU Finland) (2004),55,19
512,Jyväshyvä Paussi Vanilla (LU Finland) (2006),39,13
513,Jyväshyvä Paussi Wholegrain (LU Finland),46,16
514,Leda Luxury gluten-free chocolate coated cookie,35,4
515,"LU P'tit Déjeuner Chocolat (LU, France)",42,14
516,LU P'tit Déjeuner Miel et Pépites Chocolat,45,16
517,LU P'tit Déjeuner Miel et Pépites Chocolat,49,18
518,LU P'tit Déjeuner Miel et Pépites Chocolat,52,18
519,"LU Petit Déjeuner, Chocolate, low in sugar (LU France)",51,18
520,LU Petit Déjeuner Chocolate & Cereals (2003),46,16
521,LU Petit Déjeuner Chocolate & Cereals (2006),58,20
522,"LU Petit Déjeuner Cereals & Chocolate Chips, low in",37,13
523,"LU Petit Déjeuner Coconut, nuts and chocolate (2005)",55,19
524,"LU Petit Déjeuner Coconut, nuts and chocolate (2006)",51,17
525,LU Petit Déjeuner Fruits and Muesli (2002),45,16
526,LU Petit Déjeuner Fruits and Muesli (2003),49,18
527,LU Petit Déjeuner Fruits and Muesli (2004),47,17
528,LU Petit Déjeuner Honey & Chocolate chips (2003),47,17
529,LU Petit Déjeuner Honey & Chocolate chips (2006),46,16
530,LU Petit Déjeuner Milk and Cereals (2004),55,19
531,LU Petit Déjeuner Milk and Cereals (2006),39,13
532,"LU Petit Déjeuner Multicereals (LU France, LU Belgium)",46,16
533,LU Petit Déjeuner with Fruits and Figs,41,14
534,"LU Petit Déjeuner with Prunes (LU, France)",51,17
535,"Maltmeal wafer (Griffin's Foods Ltd., New Zealand)",50,9
536,"Morning CoffeeTM (Arnotts, Australia)",79,15
537,"Nutrigrain Fruits des bois (Kellogg's, France)",57,13
538,Oat biscuit (UK,45,7
539,Oat biscuit (China,55,9
540,Oatmeal (Canada,54,9
541,"Oro (Saiwa, Italy)",61,21
542,Petiki Go ! Fruits and Muesli (2002),45,16
543,Petiki Go ! Fruits and Muesli (2003),49,18
544,Petiki Go ! Fruits and Muesli (2004),47,17
545,"Petit brun extra (LU, France)",77,15
546,"Petit LU Normand (LU, France)",51,10
547,"Petit LU Roussillon (LU, France",48,9
548,President's Choice® Blue MenuTM Cranberry,60,10
549,President's Choice® Blue MenuTM Crunchy,62,10
550,President's Choice® Blue MenuTM Ginger &,64,11
551,"Prince Energie+ (LU, France)",73,13
552,"Prince fourre chocolat (LU, France)",50,15
553,"Prince fourre chocolat (LU, France)",53,16
554,"Prince gout chocolat (LU, France)",53,17
555,"Prince Meganana Chocolate (LU, Spain)",49,18
556,"Prince Petit Dej Cereals (LU, France)",52,18
557,"Prince Petit Dej Cereals and Chocolate (LU, France)",51,18
558,"Prince Petit Déjeuner Vanille (LU, France and Spain)",45,16
559,"Principe megamanana vanilla (LU, Spain)",45,16
560,Rich Tea (UK,40,7
561,Rich Tea (Canada),55,10
562,"Sable des Flandres (LU, France)",57,8
563,"Shortbread (Arnotts, Australia)",64,10
564,"Shredded WheatmealTM (Arnotts, Australia)",62,11
565,"Snack Right Fruit Pillow, Apple and blackberry",43,11
566,"Snack Right Fruit Pillow, Spicy apple and sultana",45,11
567,"Snack Right Fruit Pillow, Wild berry (Arnott's, Australia)",52,13
568,"Snack Right Fruit Slice, Mango and passionfruit",49,13
569,"Snack Right Fruit Slice, Mixed berry (Arnott's, Australia)",50,13
570,"Snack Right Fruit Slice, Original Sultana (97% fat-free)",48,12
571,"Snack Right Fruit Slice, Sultana with chocolate",45,11
572,"The (LU, France",41,8
573,"Veritable Petit Beurre (LU, France)",51,10
574,"Veritable Petit Beurre (LU, France) (2002)",54,10
575,"Veritable Petit Beurre (LU, France) (2006)",54,10
576,"Vitasnella frollini (Saiwa, Italy)",59,12
577,Choice grain crackers (UK,49,8
578,"Corn Thins, puffed corn cakes, gluten-free",87,18
579,"Cream Cracker (LU Triumfo, Brazil)",65,11
580,"High-calcium cracker (Danone, Malaysia",52,9
581,"JatzTM, plain salted craker biscuits (Arnotts, Australia)",55,10
582,Lees Cabin Crackers (Fiji),60,11
583,President's Choice® Blue MenuTM Ancient Grains,65,10
584,President's Choice® Blue MenuTM Wheat & Onion,60,10
585,President's Choice® Blue MenuTM Wheat & Sesame,56,9
586,President's Choice® Blue MenuTM Wheat snack,65,11
587,"Puffed Crispbread (Westons, Australia)",81,15
588,"Puffed rice cakes, white (Rice Growers Co-op, Australia)",82,17
589,Rice cake (China),82,17
590,"Rice cakes, Calrose rice (low-amylose)",91,19
591,"Rice cakes, Doongara rice (high-amylose)",61,13
592,"Puffed rice cakes, caramel flavored (USA)",82,18
593,Rye crackers with oats (UK),64,10
594,Rye crackers with sesame (UK),57,9
595,Ryvita® (Canada),69,11
596,Ryvita® Pumpkin Seeds & Oat,46,6
597,Ryvita® Sunflower Seeds & Oats,48,7
598,KavliTM Norwegian Crispbread,71,12
599,"SaoTM, plain square crackers (Arnotts, Australia)",70,12
600,Water cracker (Canada),63,11
601,"Water cracker (Arnotts, Australia)",78,14
602,Wholegrain crackers with sesame seeds an,53,8
603,Wholewheat crackers with pumpkin and thyme (UK,36,6
604,"Wholewheat sticks, crunchy, yeast extrac",50,7
605,"Custard, low-fat, vanilla flavored (Nestlé, Australia)",29,3
606,"No Bake Egg Custard, prepared from powder",35,6
607,"Custard, home made from milk, wheat starch,",43,7
608,"TRIMTM, reduced-fat custard (Pauls Ltd,",37,6
609,"Custard, low-fat, trifle flavored (Nestlé, Australia)",30,2
610,"Creme fraiche dessert, peach (Finest, UK)8",28,7
611,"Creme fraiche dessert, raspberry (Finest, UK)8",30,5
612,"Fromage Frais, red fruit: blackcurrant8",22,2
613,"Fromage Frais, red fruit: raspberry8",31,2
614,"Fromage Frais, red fruit: red cherry8",25,2
615,"Fromage Frais, red fruit: strawberry8",29,2
616,"Fromage Frais, yellow fruit: mandarin and orange8",19,1
617,"Fromage Frais, yellow fruit: mango and papaya8",25,2
618,"Fromage Frais, yellow fruit: passionfruit and pineapple8",18,1
619,"Fromage Frais, yellow fruit: peach and apricot8",22,1
620,"Fruche®, low-fat, apricot vanilla honey",34,8
621,"Fruche®, low-fat, berry compote",37,8
622,"Fruche®, low-fat, duet peach on pineapple",34,8
623,"Fruche®, low-fat, lemon sorbetto",34,7
624,"Fruche®, low-fat, orange sorbetto",34,7
625,"Fruche®, low-fat, peach roulade",37,8
626,"Fruche® on Fruit, low-fat, toffee apple",47,16
627,"Ice cream, low carbohydrate, chocolate (Australia)",32,1
628,"Ice fruit confection, Frosty Fruits® Orange",59,7
629,"ChocolloTM, low-fat chocolate flavored ice crea",24,3
630,"Ice cream, low-fat, Bulla Light Creamy vanill",36,7
631,"Ice cream, low-fat, Bulla Light Real Dairy chocolat",27,3
632,"Ice cream, low-fat, Bulla Light Real Dairy Englis",27,3
633,"Ice cream, low-fat, Bulla Light Real Dairy mang",30,4
634,"Ice cream, low-fat, Light & Creamy, Raspberry Rippl",55,9
635,"Ice-cream, low-fat (1.2 % fat), Light Prestige",47,5
636,"Ice-cream, low-fat (1.4% fat), Light Prestige",37,5
637,"Ice-cream, reduced-fat (7.1 % fat), Prestige",37,4
638,"Ice cream, premium, Ultra chocolate, 15% fat",37,4
639,"Ice cream, premium, French vanilla, 16% fa",38,3
640,"Milk, condensed, sweetened (Nestlé, Australia)",61,33
641,"Full-fat (Dairy Farmers Ltd, Sydney, Australia)25 31",31,4
642,Full-fat (Canada) 34,34,4
643,"Full-fat, pasteurised, fresh, organic (Arla, UK)8 34",34,4
644,Full-fat (USA)8 41,41,5
645,"Full-fat, standardised homogenised, pasteurised,  46±",46,5
646,"Banana, honey and malt flavored milk (Australia) 31",31,8
647,"Masters® mocha milk (National Foods Ltd, Australia) 32",32,9
648,"Milk, reduced fat (1.4%) (Lite WhiteTM,  30",30,4
649,"Milk, semi-skimmed, British (Dairycrest, UK)8 25",25,3
650,"Milk, semi-skimmed, pasteurised, organic (Arla, UK)8 34",34,4
651,"Milk, reduced fat with added omega 3 23",23,3
652,"Milk, reduced fat (98% fat free) with added omega 3 27",27,4
653,"Big MTM flavored milk, chocolate or strawberry 37",37,9
654,"Masters® Light, 99% fat free chocolate or mocha milk 27",27,6
655,"Masters®, reduced fat, chocolate or strawberry milk  35",35,9
656,"Milk, low-fat, chocolate, with aspartame, Lite WhiteTM 24",24,3
657,"Milk, low-fat, chocolate, with sugar, Lite WhiteTM 34",34,9
658,Rush® Heavenly Vanilla Malt milk  31,31,7
659,Rush® Intense Coffee milk 24,24,5
660,Rush® Ultimate Chocolate milk 26,26,5
661,Rush® Wicked Latte milk 26,26,5
662,"PuraTM HiLo milk (National Foods Ltd, Australia)  20",20,3
663,"PuraTM Skimmer milk (National Foods Ltd, Australia) 20",20,3
664,"PuraTM Light Start milk (National Foods Ltd, Australia) 30",30,4
665,"PuraTM Tone milk (National Foods Ltd, Australia) 30",30,5
666,"Milk, skim (Canada) 32",32,4
667,"Milk, skim (Dairy Farmers Ltd, Australia)25 32",32,4
668,"Milk, skim (USA)8 37",37,5
669,"Milk, skimmed, pasteurised, British (Dairycrest, UK)8 48±",48,6
670,"ShapeTM milk, fat free (Dairy Farmers Ltd, Australia)25 34",34,6
671,"Milkshake, made from ChocolloTM, low-fat chocolate 21",21,6
672,"Nestlé Combo mousse (Nestlé, Australia",42,5
673,"Nestlé Milo flavored mousse (Nestlé, Australia",46,6
674,"Butterscotch, 1.9% fat (Nestlé, Australia",36,4
675,"Chocolate, 2% fat (Nestlé, Australia",31,3
676,"Citrus (Nestlé, Australia)",47,14
677,"Hazelnut, 2.4% fat (Nestlé, Australia",36,4
678,"Mango, 1.8% fat (Nestlé, Australia",33,4
679,"Mixed berry, 2.2% fat (Nestlé, Australia",36,4
680,"Strawberry, 2.3% fat (Nestlé, Australia",32,3
681,"Chocolate, made from powder and whole milk",47,7
682,"Vanilla, made from powder and whole milk",40,6
683,"Le Rice®, Apple & Cinnamon flavor",52,20
684,"Le Rice®, Apricot & Almond Muesli flavor",45,18
685,"Le Rice®, Caramel flavor",41,16
686,"Le Rice®, Forest Berries flavor",45,16
687,"Le Rice®, Raspberry & Apple flavor",52,20
688,"Le Rice®, Strawberry flavor",54,21
689,"Le Rice®, Tropical Mango flavor",54,20
690,"Le Rice®, Vanilla flavor",43,16
691,Jalna Bush Honey Bio Dynamic yoghurt,26,3
692,Jalna Premium Vanilla Creamy yoghurt,18,3
693,"Yoghurt, black cherry (Finest, UK)8",17,2
694,"Yoghurt, black cherry (Healthy Living Light, UK)8",67,8
695,"Yoghurt, bourbon vanilla (Finest, UK)8 6",64,20
696,"Yoghurt, champagne rhubarb (Finest, UK)8 4",49,19
697,"Yoghurt, Devonshire fudge (Finest, UK)8",37,13
698,"Yoghurt, Greek style, honey topped (UK)8",36,12
699,"Yoghurt, lemon curd (Finest, UK)8 6",67,30
700,"Yoghurt, orange blossom (Finest, UK)8 4",42,17
701,"Yoghurt, peach & apricot (Healthy Living Light, UK)8",28,5
702,"Yoghurt, peach melba (Value, UK)8",57,18
703,"Yoghurt, raspberry (Healthy Living Light, UK)8",43,7
704,"Yoghurt, red fruit: Morello cherry8",35,4
705,"Yoghurt, red fruit: raspberry and black cherry",37,5
706,"Yoghurt, red fruit: raspberry and cranberry 4",42,11
707,"Yoghurt, Scottish raspberry (Finest, UK)8",32,13
708,"Yoghurt, strawberry (Healthy Living Light, UK)8",30,5
709,"Yoghurt, strawberry and cream (Finest, UK)8",41,16
710,"Yoghurt, summer fruit: apricot8",11,1
711,"Yoghurt, summer fruit: peach and vanilla8",26,3
712,"Yoghurt, summer fruit: raspberry8",28,3
713,"Yoghurt, summer fruit: strawberry8",36,5
714,"Yoghurt, toffee (Healthy Living Light, UK)8",41,7
715,"Yoghurt, tropical fruit: guava and passionfruit8",24,3
716,"Yoghurt, tropical fruit: mango8",32,4
717,"Yoghurt, tropical fruit: peach and apricot8",27,3
718,"Yoghurt, tropical pineapple8 (Healthy Living Light, UK)",38,5
719,"Yoghurt, Valencia orange8 (Finest, UK)",34,11
720,"Yoghurt, vanilla8 (Healthy Living Light, UK)",47,7
721,"Yoghurt, white peach8 (Finest, UK) 5",54,17
722,Mochaccino frozen yoghurt,51,11
723,Strawberry Banana frozen yoghurt,55,11
724,Vanilla frozen yoghurt,46,10
725,"Low-fat, fruit, aspartame, SkiTM",14,2
726,"Low-fat, fruit, sugar, SkiTM (Dairy Farmers, Australia)",33,10
727,"Low-fat, sugar-sweetened, strawberry classic,",33,10
728,"Low-fat (0.9%), fruit, wild strawberry (Ski d'liteTM,",31,9
729,"Low-fat, Nestlé Diet Blueberry (Nestlé, Australia)",32,4
730,"Low-fat, Nestlé Diet Mixed Berry (Nestlé, Australia)",28,3
731,"Low-fat, Nestlé Diet Peaches & Cream",28,3
732,"Low-fat, apricot (UK)8",42,12
733,"Low-fat, black cherry (UK)8",41,11
734,"Low-fat, hazelnut (UK)8",53,15
735,"Low-fat, peach melba (Value, UK)8 5",56,16
736,"Low-fat, raspberry (UK)8",34,10
737,"Low-fat, strawberry (UK)8 6",61,18
738,Heavenly Honey flavor,32,11
739,Lemon Creme flavor,43,17
740,Luscious Berries flavor,29,9
741,Passionfruit flavor,32,11
742,Strawberry flavor,28,8
743,Fat-Free Natural yoghurt,19,2
744,"Greek Style yoghurt, Premium blend",12,1
745,Leben European Style yoghurt,11,1
746,"Yoghurt, low fat, natural (UK)8 3",35,12
747,"Passionfruit yoghurt, fat-free  (Jalna Dairy Foods,",27,5
748,"Diet VaaliaTM, exotic fruits (Pauls Ltd., Australia)8",23,4
749,"Diet VaaliaTM, mango (Pauls Ltd., Australia)8",23,3
750,"Diet VaaliaTM, mixed berry (Pauls Ltd., Australia)8",25,3
751,"Diet VaaliaTM, strawberry (Pauls Ltd., Australia)8",23,3
752,"Diet VaaliaTM, vanilla (Pauls Ltd, Australia)8",23,3
753,"SkiTM, Honey flavor (Dairy Farmers Ltd, Australia)",40,14
754,"SkiTM, vanilla flavor (Dairy Farmers Ltd, Australia)",40,12
755,YoplaitTM No Fat berry fruit flavors8,16,2
756,YoplaitTM No Fat Strawberry Classic flavor8,19,2
757,YoplaitTM No Fat tropical fruit flavors8,20,3
758,"YoplaitTM No Fat yoghurt, various flavors8",18,3
759,"Yoghurt, probiotic, prune (UK)8 4",44,13
760,"Yoghurt, probiotic, raspberry (UK)8 4",45,13
761,"Yoghurt, probiotic, strawberry (UK)8 5",52,15
762,"Reduced-fat, VaaliaTM, apricot & mango",26,8
763,"Reduced-fat, VaaliaTM, french vanilla",26,3
764,"Reduced-fat, Extra-LiteTM, strawberry",28,9
765,"Reduced-fat, strawberry (Czech Republic)",43,14
766,"Reduced-fat, YoplaitTM Lite, berry fruit flavors",25,9
767,"Reduced-fat, YoplaitTM Lite, tropical fruit flavors",37,12
768,"Reduced-fat, YoplaitTM Lite, various flavors",27,9
769,"Reduced-fat, YoplaitTM Lite, Fruit Salad flavor",32,9
770,"Probiotic drink, cranberry (UK)8 56±",56,17
771,"Probiotic drink, orange (UK)8 30±",30,10
772,"Probiotic drink, original (UK)8 34±",34,11
773,Vitalise Multivitamin Cultured Milk Fruit Drink 24,24,4
774,Wildberry Yoghourt on the Go  19,19,4
775,"Yoghurt drink, reduced-fat, VaaliaTM, tropical  38±",38,14
776,"Soy milk, full-fat (3%), Original, 0 mg calcium,  44",44,8
777,"Soy milk, full-fat (3%), Calciforte, 120 mg calcium, 36",36,6
778,"Soy milk, full-fat (3%), 120 mg calcium, Calciforte 41",41,6
779,"Soy milk, Vitasoy® Organic (National Foods Ltd,  43",43,7
780,"Soy milk, Vitasoy® So Milky Regular 21",21,2
781,"Soy milk, low-fat (0.7%), Vitasoy® Light Original  45",45,4
782,"Soy milk, reduced-fat (1.5%), Vitasoy® So Milky Lite 17",17,1
783,"Soy milk, reduced-fat (1.5%), 120 mg calcium, Light, 44",44,8
784,"Soy milk, reduced-fat (1.8%), 120 mg calcium, Vitasoy®  18",18,2
785,"Soy Beverage, Chocolate flavored, President's Choice®  40±",40,11
788,"Soy milk, reduced-fat (1.5%), Vitasoy® Lush,  31",31,6
789,"Soy milk, reduced-fat (1.5%), Vitasoy® Lush, Vanilla 31",31,5
790,"Soy smoothie drink, banana, 1% fat  30",30,7
791,"Soy smoothie drink, chocolate hazelnut, 1% fat 34",34,8
792,"Up & GoTM, cocoa malt flavor (soy milk, rice cereal  43±",43,11
793,"Up & GoTM, original malt flavor (soy milk, rice cereal  46±",46,11
794,"XpressTM, chocolate (soy bean, cereal, legume extract 39±",39,13
795,"Soy yoghurt, peach and mango, 2% fat, sugar",50,13
796,"Apple, Golden Delicious (Canada)",39,6
797,"Apple, dried (Australia)",29,11
798,"Sliced Apples, canned, solid packed without juice",42,4
799,"Apricots, raw, NS (Australia)",34,3
800,Apricot Halves canned in fruit juice (Langeberg,51,6
801,"Apricots, dried (Australia",30,8
802,"Apricots, dried, ready to eat (UK",31,7
803,"Apricots, dried, ready to eat, bite size (UK",32,7
804,Apricot dried fruit snack (Australia,42,5
805,"Apricot & apple fruit strips, gluten-fre",29,5
806,"Apricot 100% Pure Fruit spread, no added sugar",43,7
807,"Apricot 100% Fruit Spread, CotteesTM bran",50,9
808,"Apricot fruit spread, reduced sugar (Glen Ewin Jams",55,7
809,President's Choice® Blue MenuTM Twice the Fruit,56,7
810,Banana (Australia),47,11
811,Banana (Canada),62,16
812,Banana (South Africa),70,16
813,"Banana, processed fruit fingers, Heinz KidzTM",61,12
814,"Blackberry 100% Fruit Spread, CotteesTM bran",46,8
815,"Blackberry Sour Buzz dried fruit leather, Sunripe",35,7
816,"Bluberries, wild (Wild Blueberries Association, Canada)",53,5
817,"Breadfruit, peeled, boiled 10 min (Jamaica)",47,10
818,"Breadfruit, peeled, boiled 26 min (Jamaica)",60,17
819,"Breadfruit, roasted on preheated charcoal (Jamaica)",72,20
820,"Cherries, dark, raw, pitted (Australia)25",63,9
821,"Cherries, sour, pitted, canned (Always Fresh brand,",41,9
822,"Custard apple, raw, flesh only (Australia)",54,10
823,"Dates, Barhi variety, dried and vacuum packed",50,22
824,"Dates, Bo ma'an variety, dried and vacuum packed",31,14
825,"Dates, Khalas (Rutab, soft early ripened) variety",47,14
826,"Dates, Khalas (Tamer, sun dried stored in traditional",45,20
827,"Dates, Khalas variety, dried and vacuum packed",36,16
828,"Divine Date spread (Buderim Ginger, Buderim, QLD",29,5
829,"Figs, dried, tenderised, Dessert Maid brand",61,16
830,"Fruit Salad canned in fruit juice, containing peach,",54,6
831,"Ginger, candied, sucrose-free",10,2
832,"Ginger Spread, sucrose-free",10,2
833,Original Ginger marmalad,50,9
834,"Grape Nectar (Chateau Barrosa, Lyndoch,",52,8
835,"Grapefruit, ruby red segments, canned in juice",47,10
836,Kiwi fruit (Australia)8,58,7
837,"Lychee, canned in syrup and drained,",79,16
838,"Mandarin segments, canned in juice",47,6
839,Mango (Mangifera indica) (Australia)8,51,8
840,"Mango, low-fat frozen fruit dessert, FrutiaTM",42,10
841,"Mixed fruit, dried (Value, UK)",60,24
842,"Nectarines, raw (Australia)8",43,4
843,"Oranges, type NS (South Africa)",33,3
844,"Oranges, type NS (Canada)",40,4
845,"Orange & Grapefruit segments, canned in juice",53,10
846,"Marmalade, orange 100% Pure Fruit spread,",27,4
847,"Marmalade, orange (Australia",48,9
848,"Breakfast Marmalade 100% Fruit Spread,",55,10
849,Paw paw (Carica papaya (Australia)8,56,5
850,"Peach, canned in natural juice (Goulburn Valley",30,3
851,"Peach, canned in natural juice (SPC Ltd,",45,5
852,"Peach, canned in natural juice (SPC Ardmona Ltd,",46,6
853,"Peach, canned in heavy syrup (Letona Foods,",58,9
854,"Peach, canned in heavy syrup (Homebrand,",64,12
855,"Peach, canned in reduced-sugar syrup, SPC Lite",62,11
856,"Peach & Grapes, canned in natural fruit juice",46,6
857,"Peach & Pineapple, canned in natural fruit juice",45,6
858,"Peach, dried (UK",35,8
859,"Peach & pear fruit strips, gluten-fre",29,3
860,"Pear halves, canned in reduced-sugar syrup, SPC Lite",25,4
861,"Pear halves, canned in natural juice (SPC Ltd, Australia)",43,5
862,"Pear, dried (UK)",43,12
863,"Pineapple, raw (Australia)8",66,6
864,"Pineapple pieces, canned in fruit juice",43,8
865,"Pineapple pieces, canned in natural fruit juice",55,10
866,"Pineapple & Papaya pieces, canned in natural juice",53,9
867,"Prunes, pitted (Sunsweet Growers Inc., Yuba City, USA)",29,10
868,Raisins (Canada),64,28
869,"Raspberry 100% Pure Fruit spread, no added suga",26,3
870,"Raspberry 100% Fruit Spread, CotteesTM bran",46,8
871,"Rockmelon/Cantaloupe, raw (Australia)8",65,4
872,"Strawberries, fresh, raw (Australia)8",40,1
873,Strawberry jam (Australia),51,10
874,"Strawberry100% Fruit Spread, CotteesTM bran",46,8
875,President's Choice® Blue MenuTM Twice the Fruit,69,6
876,Strawberry fruit leather (Stretch Island Frui,29,7
877,"Strawberry processed fruit bars, Real Fruit Bars",90,23
878,Sultanas (Australia),56,26
879,"Sultanas (Value, UK)",56,23
880,Sultanas (UK),58,24
881,Tropical dried fruit snack (Australia,41,5
882,"Vitari, wild berry, non-dairy, frozen fruit dessert",59,12
883,"Watermelon, raw (Australia)8",72,4
884,"Watermelon, raw (Australia)7",80,5
885,Wild berry dried fruit snack (Australia,35,4
886,"Apple juice, unsweetened, reconstituted 39±",39,10
887,"Apple juice, Granny Smith, unsweetened (Australia) 44±",44,13
888,"Apple juice, pure, clear, unsweetened (The Wild 44±",44,13
889,"Apple juice, pure, cloudy, unsweetened 37±",37,10
890,"Apple and blackcurrant juice, no added sugar  45±",45,11
891,"Apple and cherry juice, pure, unsweetened 43±",43,14
892,"Apple and mango juice, pure, unsweetened 47±",47,16
893,"Apple, pineapple and passionfruit juice, unsweetened 48±",48,16
894,"Carrot juice, freshly made (Sydney, Australia)8 43±",43,10
895,"Cranberry juice cocktail (Ocean Spray, 52±",52,16
896,Cranberry juice cocktail  68±,68,24
897,"Cranberry juice drink, Ocean Spray® 56±",56,16
898,Orange juice (Canada) 46±,46,12
899,President's Choice® Blue MenuTM Oh-Mega j Orange 48±,48,14
900,"Orange juice, unsweetened, reconstituted concentrate,  53",53,9
901,"Orange juice, unsweetened, reconstituted concentrate,  54±",54,11
902,"Prune juice (Golden Circle, Australia) 43±",43,15
903,"SuperJuice Greenzone, containing apple, orange and  47±",47,12
904,"SuperJuice Immune, containing apple juice,  47±",47,12
905,"SuperJuice Kickstart, containing apple juice,  39±",39,11
906,"Tomato juice, low sodium, President's Choice® Blue 23",23,2
907,"Tomato juice, no added sugar (Campbell's Soup 33",33,3
908,"Tomato juice, canned, no added sugar 38",38,4
909,"InfasoyTM, soy-based, milk-free (Wyeth Nutritionals,  55",55,4
910,KaricareTM gold starter formula with omega plus  35,35,2
911,"Nan-1TM infant formula with iron (Nestlé, Australia)8 30",30,2
912,"S-26TM infant formula (Wyeth Nutritionals, Australia)8 36",36,3
913,Apple baby food (Czech Republic),46,10
914,"FarexTM baby rice, 7 g cereal with 80 g water",95,6
915,"Apple, apricot and banana cereal",56,7
916,Creamed rice porridge,59,5
917,Rice pudding,59,6
918,"Chicken and noodles with vegetables, strained8",67,5
919,Sweetcorn and rice8 6,65,10
920,"Baked Beans, canned (Canada)",40,6
921,Baked Beans in Cheesy Tomato sauce,44,10
922,"Baked Beans in Barbecue sauce (HJ Heinz, Australia)",47,13
923,"Baked Beans in Ham sauce (HJ Heinz, Australia)",53,13
924,"Baked Beans in Mild Curry sauce (HJ Heinz, Australia)",49,11
925,"Baked Beans in Sweet Chilli sauce (HJ Heinz, Australia)",46,12
926,"Baked Beans in Tomato sauce (HJ Heinz, Australia)",40,8
927,"Baked Beans in Tomato sauce, canned, reheated in",57,13
928,Blackeyed beans (Canada),33,10
929,"Butter beans, canned, drained, Edgell'sTM brand",36,8
930,"Butter beans, dried, soaked overnight,",26,5
931,"Butter beans, dried, soaked overnight, cooked in",28,6
932,Butter beans (Canada),36,7
933,"Cannellini beans, canned, drained, Edgell'sTM brand",31,6
934,Chickpeas (Canada),36,11
935,"Chickpeas, canned, drained, Edgell'sTM brand",38,9
936,"Chickpea Hommus dip, Chris' Traditional brand",22,1
937,"Four bean mix, canned, drained, Edgell'sTM brand",37,9
938,"Haricot/Navy beans, boiled (Canada)",31,9
939,Kidney beans (Canada),29,7
940,"Kidney beans, dried, soaked 12 h, stored moist 24 h,  7",70,17
941,"Dark Red Kidney beans, canned in brine, drained,",43,10
942,"Red Kidney beans, canned, drained, Edgell'sTM brand",36,9
943,"Red Kidney beans, dried, soaked overnight,",51,12
944,"Lentils, type NS (Canada)",29,5
945,"Lentils, brown, canned, drained, Edgell'sTM brand",42,9
946,"Lentils, green, dried, boiled (Australia)",37,5
947,"Lentils, red, split, dried, boiled 25 min (UK)",21,4
948,"Marrowfat peas, dried, boiled (Canada)",47,9
949,"Mung bean, fried (Australia)",53,9
950,"Mung bean, germinated (Australia)",25,4
951,"Mung bean, pressure cooked (Australia)",42,7
952,"Refried Pinto beans, Casa FiestaTM brand",38,10
953,"Soya beans, dried, boiled (Canada)",15,1
954,"Soya beans, dried, boiled (Australia)",20,1
955,"Soya beans, canned (Canada)",14,1
956,"Soya beans, canned in brine, drained, Edgell'sTM brand",14,1
957,"Split peas, yellow, dried, soaked overnight,",25,3
958,"Chocolate, lactose-free, weight management drink (UK)24 29±",29,6
959,Chocolate weight management bar,29,4
960,Chocolate weight management drink (UK)24 23,23,4
961,Chocolate weight management drink (UK)24 39,39,7
962,"Hazelnut & Apricot bar (Dietworks,",42,9
963,"InZoneTM nutritious beverage powder, prepared 28",28,2
964,"Juice Plus+® Complete meal replacement powder, 35",35,7
965,"Juice Plus+® Complete meal replacement powder,  32",32,6
966,"French style chicken with rice, reheated8",36,17
967,"Honey Soy Beef with Wholemeal Noodles, reheated",53,19
968,"Burmese Vegetable Curry & rice, reheated",49,20
969,"Chicken Pomodoro, reheated",46,17
970,"L.E.A.N FibergyTM bar, Harvest Oat",45,13
971,"NutrimealTM, drink powder, Dutch Chocolate",26,3
972,"L.E.A.N (Life long) NutribarTM, Peanut Crunc",30,6
973,"L.E.A.N (Life long) NutribarTM, Chocolate Crunch",32,6
974,Lemon weight management bar,23,3
975,Lemon weight management bar (UK)2,32,7
976,Malt toffee weight management bar (UK)24,43,10
977,Peanut Butter weight management ba,22,3
978,"ProvideTM nutritious beverage powder,  28",28,2
979,ReduceXSTM Chocolate Deluxe formulated meal  10,10,1
980,"SICCON D2TM nutritious beverage powder, prepared  28",28,2
981,SlimFast® chocolate caramel meal replacement bar,54,18
982,SlimFast® chocolate meal replacement bar,27,6
983,SlimFast® Chocolate Muesli snack bar,49,16
984,"SlimFast® Double Chocolate meal replacement powder,",36,17
985,SlimFast® French Vanilla ready-to-drink shake 37±,37,10
986,"SlimFast® meal replacement powder, prepared 35±",35,12
987,SlimFast® Strawberry Supreme ready-to-drink shake 33±,33,10
988,SlimFast® Garden vegetable soup with  20,20,5
989,"SlimFast® Pasta Florentina meal (SlimFast Foods, UK)",53,12
990,"Tony Ferguson's Meal Replacement Shake,  22",22,6
991,"Designer chocolate, sugar-free",14,3
992,Chocolate deluxe,29,2
993,Peanut butter,23,1
994,Chewy choc-chip,30,4
995,Chocolate deluxe,38,5
996,Peanut butter,22,2
997,Strawberry shortcake,43,6
998,White chocolate mousse,40,6
999,Choc-chip cookie dough,25,3
1000,Coconut,42,4
1001,Peanut butter,37,3
1002,"Beef and ale casserole, convenience meal (Finest, UK)8",53,8
1003,"Berrynice Yoghurt Crunch (low fat yoghurt,",43,15
1004,"Fillet-O-FishTM burger (fish patty, cheese and tartare 6",66,20
1005,"Hamburger (beef patty, ketchup, pickle, onion and",66,17
1006,"Lean beef burger (lean beef patty, tomato, mixed",66,17
1007,"McChickenTM burger (chicken patty, lettuce,",66,26
1008,"Vege Burger (vegetable patty, lettuce, tomato and",59,14
1009,"Cannelloni, spinach and ricotta (UK)",15,8
1010,"Chicken korma and peshwari rice, prepared meal",44,21
1011,"Chicken korma and rice, convenience meal",45,21
1012,"Chicken nuggets, frozen, reheated in",46,7
1013,Chicken McNuggetsTM consumed with sweet Thai,55,12
1014,"Chicken tikka masala and rice, convenience meal",34,21
1015,"Chilli beef noodles, prepared convenience meal",42,19
1016,"Chilli con carne, made from haricot beans (Australia)",34,12
1017,"Chow mein, chicken, convenience meal8",55,13
1018,"Chow mein, chicken, convenience meal",47,18
1019,"Wholegrain Pasta & Sauce, Cheesy, prepared",37,8
1020,"Wholegrain Pasta & Sauce, Creamy Carbonara,",39,9
1021,"Wholegrain Pasta &  Sauce, Creamy Sun-dried Tomato,",43,10
1022,"Wholegrain Pasta & Sauce, Parmesan and Cracked",33,7
1023,Cottage pie (UK),65,22
1024,Cumberland fish pie (UK),40,12
1025,Cumberland pie (UK),29,11
1026,"Dates, Khalas (Rutab, soft early ripened) (90 g),",37,19
1027,"Dates, Khalas (Tamer, dark brown commercial) (60 g),",29,15
1028,"Dumpling, containing meat and shallots (China)",28,6
1029,"Fajitas, chicken (UK) 4",42,18
1030,"Greek lentil stew with a bread roll, home made",40,15
1031,"Kidney beans, (canned) with bacon and tomatoes",36,12
1032,"Kidney beans, (cooked from dried beans) with bacon",21,7
1033,"Lamb moussaka, prepared convenience meal8",35,10
1034,"Lasagne, beef (frozen) (UK)",47,17
1035,"Lasagne, meat (Healthy Living, chilled, UK)",28,11
1036,"Lasagne, type NS (Finest, UK)",34,10
1037,"Lasagne, type NS (UK)",25,8
1038,"Lasagne, vegetarian (UK)",20,10
1039,Lentil and cauliflower cury with rice (Australia) 6,60,25
1040,Lentil and cheese pie (Australia),25,11
1041,Mushroom stroganoff with rice (UK),26,11
1042,"Pasta bake, tomato and mozzarella (UK)",23,10
1043,"Fusilli pasta twists (Tesco Stores Ltd, UK), boil",28,
1044,"Fusilli pasta twists (Tesco Stores Ltd, UK), boil",27,
1045,"Fusilli pasta twists (Tesco Stores Ltd, UK), boil",40,
1046,"Pies, beef, party size (Farmland,",45,12
1047,"Pizza, Super Supreme, pan (11.4% fat)",36,9
1048,"Pizza, Super Supreme, thin and crispy (13.2 % fat)",30,7
1049,"Pizza, Vegetarian Supreme, thin and crispy (7.8 % fat)",49,12
1050,"Stone Baked Whole Wheat Pizza - Vegetable, Pesto",54,11
1051,"Potato, Estima (50 g), microwaved 6 min then",62,23
1052,"Potato, Estima (50 g), microwaved 6 min then",76,20
1053,"Potato, Estima (50 g), microwaved 6 min then baked",39,10
1054,"Potato, Estima (50 g), microwaved 6 min then baked",75,23
1055,Potato noodles with meat (China),17,8
1056,Barley Risotto with Herbed Chicken (entree),38,15
1057,"4-Bean Salad, low-fat",13,1
1058,Cauliflower-Topped Shepherd's Pie (entree),21,4
1059,Chicken Curry with Vegetables (entree),26,3
1060,Deluxe Cheddar Macaroni & Cheese Dinner,34,13
1061,Ginger-Glazed Salmon (entree),41,18
1062,Lentil and Bean Vegetable Patties,54,15
1063,Linguine with Shrimp Marinara (entree),40,11
1064,Penne with Roasted Vegetables (entree),39,17
1065,Rotini with Chicken Pesto (entree),57,25
1066,3-Rice Bayou Blend Rice & Beans Sidedish,44,15
1067,4-Rice Pilaf Rice & Beans Sidedish,46,16
1068,Rice & Lentils Espana Sidedish,49,17
1069,Sesame Ginger Chicken with Vegetables (entree),44,8
1070,Tomato and Herb Chicken (entree),29,9
1071,Vegetable Ancient Grain Vegetable Patties,54,14
1072,Vegetarian Chili,39,11
1073,Yellow Curry Chicken (entree),25,4
1074,"Sausages and mash potato, prepared",61,25
1075,Sirloin chop with mixed vegetables and mashed 6,66,35
1076,"Shepherds pie, prepared convenience meal (UK)",66,29
1077,"Spaghetti bolognaise, home made (Australia)",52,25
1078,Steak and ale with cheddar mash potato8 4,48,12
1079,"Stuffed bun, with shallots and meat, steamed (China)",39,12
1080,"Sushi, salmon ('I Love Sushi', Sydney, Australia)8",48,17
1081,"Sweet and sour chicken with noodles, prepared",41,21
1082,Tandoori chicken masala & rice convenience meal,45,27
1083,Chicken Tandoori Deli Choice white French roll,78,44
1084,Chicken Tandoori Deli Choice Multigrain roll,67,32
1085,Turkey & Cranberry Deli Choice Multigrain roll,63,34
1086,White bread roll with cheese (UK),50,20
1087,"White bread consumed with margarine, eggs and",58,
1088,"White bread (30 g), toasted, served with",50,11
1089,"White bread (30 g), toasted, served with cheddar",35,5
1090,"Choiced m TM, vanilla (Mead Johnson Nutritionals,  23",23,6
1091,"Diasip®, diabetes-specific enteral formula8 12",12,3
1092,"Diason®/Nutrison Diabetes, diabetes-specific enteral8 17",17,5
1093,"Diben®, diabetes-specific enteral formula8 22",22,5
1094,"Enercal PlusTM, made from powder (Wyeth-Ayerst  61±1",61,24
1095,"EnsureTM, vanilla (Abbott Australasia, Kurnell,  50±",50,19
1096,"EnsureTM, vanilla (Abbott Australasia) 48±",48,16
1097,"EnsureTM bar, chocolate fudge brownie",43,8
1098,"EnsureTM Hospital, nutritional supplement powder, 51",51,3
1099,"Ensure PlusTM, vanilla (Abbott Australasia) 40±",40,19
1100,"Ensure PuddingTM, old fashioned vanilla",36,9
1101,"Fortimel® enteral formula (Nutricia N.V., Netherlands)8 25",25,6
1102,Glucerna Chocolate Graham nutritiona,20,5
1103,"Glucerna, diabetes-specific enteral formula  15",15,4
1104,"GlucernaTM, vanilla flavor8 19",19,4
1105,"GlucernaTM, vanilla flavor8 20",20,4
1106,"GlucernaTM, vanilla flavor (Ross Nutrition, Canada) 26",26,8
1107,"GlucernaTM, vanilla (Abbott Laboratories Inc., USA)8 31",31,8
1108,"Glucerna Select, enteral nutritional supplement8 16",16,2
1109,"Glucerna SR, diabetes-specific enteral formula 23",23,6
1110,InslowTM (Abbott Nutrition International -Japan)8 25,25,6
1111,JevityTM (Abbott Australasia) 48±,48,17
1112,"JevityTM HiCal, enteral nutritional supplement 59±",59,27
1113,"Novasource Diabet®, diabetes-specific enteral formula8 26",26,8
1114,Nutrison Mutli fiber® enteral formula8 28±,28,9
1115,Nutrison Standard® enteral formula8 34±,34,10
1116,Promote with fiberTM nutritional supplement 49±,49,16
1117,"ProsureTM, ready-to-drink supplement, vanilla flavor  54±",54,20
1118,"ProsureTM, ready-to-drink supplement, vanilla flavor  55±",55,23
1119,"Resource DiabeticTM, French vanilla (Novartis 34",34,8
1120,"Resource DiabeticTM, Swiss chocolate  1",16,7
1121,"ResourceTM fruit beverage, peach flavor  40±",40,16
1122,"ResourceTM thickened orange juice,  47±",47,18
1123,"ResourceTM thickened orange juice,  54±",54,19
1124,"SustagenTM, Dutch Chocolate (Mead Johnson,  31±",31,13
1125,"SustagenTM Hospital with extra fiber, drink made 33±",33,15
1126,"SustagenTM Instant Pudding, vanilla, made from",27,13
1127,TapionTM nutritonal supplement (Abbott Nutrition 27,27,7
1128,"TwoCal HNTM, high nitrogen nutritional supplement, 55±",55,27
1129,"Cashew nuts, salted (Coles Supermarkets, Australia)",22,3
1130,Cashew nuts (UK),25,3
1131,"Cashew nuts, organic, roasted and salted (UK)8",25,3
1132,Cashew nut halves (UK),27,3
1133,"Cashew nuts, roasted and salted (UK)",27,3
1134,Mixed nuts and raisins (UK,21,3
1135,"Mixed nuts, roasted and salted (UK)",24,4
1136,"Peanuts, crushed (South Africa",7,0
1137,Buckwheat noodles (China),59,25
1138,"Buckwheat noodles, instant (China)",53,22
1139,"Corn pasta, gluten-free (Orgran Natural Foods,",68,31
1140,"Corn pasta, gluten-free  7",78,32
1141,"Fettucine, egg (Australia)",32,15
1142,"Fettucine, egg (Mother Earth Fine Foods,",47,22
1143,"Fusilli pasta twists (Tesco Stores Ltd, UK),",61,29
1144,"Fusilli pasta twists, dry pasta, boiled in 10 min 5",54,26
1145,"Fusilli pasta twists, tricolour, dry pasta,  5",51,23
1146,"Fusilli pasta twists, wholewheat, dry pasta, boiled",55,23
1147,"Gnocchi, type NS (Latina, Pillsbury Australia Ltd,",68,33
1148,"Instant 'two-minute' noodles, Maggi®",46,11
1149,"Instant 'two-minute' noodles, Maggi®",48,12
1150,"Instant 'two-minute' noodles, Maggi®, all flavors",52,13
1151,"Instant noodles, all flavors (Woolworths Limited,",52,11
1152,"Lasagne sheets, dry pasta, boiled in unsalted water",55,26
1153,"Lasagne, egg, dry pasta, boiled in unsalted water (UK)",53,23
1154,"Lasagne, egg, verdi, dry pasta, boiled in",52,23
1155,"Mung bean noodles (Longkou beanthread),",39,18
1156,"Proti pasta, protein-enriched, boiled in water",28,14
1157,"Ravioli, durum wheat flour, meat filled, boiled (Australia)",39,15
1158,"Rice noodles, dried, boiled (Thai World,",61,23
1159,"Rice noodles, freshly made, boiled",40,15
1160,"Rice pasta, brown, boiled 16 min",92,35
1161,"Rice and maize pasta, gluten-free, Ris'O'Mais",76,37
1162,"Spaghetti, gluten-free, rice and Hi-Maize",51,25
1163,"Spaghetti, gluten-free, rice and split pea,",68,19
1164,"Spaghetti, soy (Revival Soy®, Physicians",47,17
1165,"White, boiled 15 min in salted water",44,21
1166,"White, durum wheat, boiled 20 min  (Australia)",58,26
1167,"White (Unico, Canada)",48,23
1168,"White (Vetta, Greens Foods, Glendenning, Australia)",49,22
1169,White (Canada),50,24
1170,Boiled in 0.7% salted water for 11 min 5,59,28
1171,Boiled in 0.7% salted water for 16.5 min 6,65,31
1172,Boiled in 0.7% salted water for 22 min 4,46,22
1173,Wholemeal (Canada),42,17
1174,President's Choice® Blue MenuTM Whole Wheat,45,18
1175,"Spirali, durum wheat, white, boiled to al dente texture 4",43,19
1176,"Split pea and soya pasta shells, gluten-free",29,9
1177,"Tagliatelle, egg pasta, boiled in water for 7 min (UK)",46,20
1178,"Tagliatelle, egg, boiled (Sainsbury's, UK)",54,24
1179,"Udon noodles, plain, reheated 5 min (Fantastic,",62,30
1180,"Vermicelli, white, boiled, VettaTM (Australia)",35,16
1181,"Wheat noodle, dried (China)",46,19
1182,"Wheat noodle, fresh (China)",82,34
1183,"Chick Pea chips (Freedom Foods, Australia",44,8
1184,"Chocolate, dark, Dove® (M&M/Mars, USA",23,6
1185,"Chocolate, dark with raisins, peanuts and jam",44,12
1186,"Chocolate, milk, plain with sucrose (Belgium)",34,7
1187,"Chocolate, milk (Cadbury's Confectionery,",49,14
1188,"Chocolate, milk, Dove® (Mars Confectionery,",45,13
1189,"Chocolate, milk (Nestlé, Sydney, NSW, Australia)",42,13
1190,"Chocolate candy, sugar free, Dove",23,3
1191,"Chocolate, white, Milky Bar® (Nestlé, Australia)",44,13
1192,CocoaviaTM Chocolate Covered Almond,21,2
1193,Combos Snacks Cheddar Cheese Crackers,54,17
1194,Combos Snacks Cheddar Cheese Pretzels,52,18
1195,"Corn chips, plain, salted (DoritosTM original,",42,11
1196,"Flaxseed Tortilla chips, Sea Sal",45,9
1197,"Flaxseed Tortilla chips, Spic",34,7
1198,Japanese Tamari Rice & Corn Crisps,91,35
1199,Japanese Wasabi & Honey Rice & Corn Crisps,82,32
1200,Thai Curry Rice & Corn Crisps,84,33
1201,"Fruit and nut mix (Finest, UK",15,4
1202,"Apple Fruit Bar, fat-free, President's Choice® Blue",90,27
1203,Apricot and Almond bar (UK,34,5
1204,Apricot filled fruit bar (pureed dried apricot filling,50,17
1205,"Apricot & Yoghurt Healtheries Simple Bar, wheat",40,10
1206,"Berry & Yoghurt Healtheries Simple Bar, wheat",51,13
1207,Berrylicious Trim Bar,46,8
1209,"Fig Fruit bar, President's Choice® Blue MenuTM",70,21
1210,Fruit & Yogurt Apple Cinnamon Chewy Bars (Soy),34,7
1211,Fruit & Yogurt Cranberry Blueberry Bars (Soy),33,7
1212,"Heinz KidzTM Fruit Fingers, banana (HJ Heinz, Australia)",61,12
1213,"Raspberry Fruit bar, fat-free, President's Choice®",74,23
1214,"Real Fruit Bars, strawberry (Uncle Toby's, Australia)",90,23
1215,"Roll-Ups®, processed fruit snack",99,24
1217,"Gelati, sucrose-free frozen dessert, chocolate flavor",37,10
1218,"Gelati, sucrose-free frozen dessert, vanilla flavor",39,11
1219,"ChocolloTM, low-fat chocolate flavored ice",44,8
1220,"ChocolloTM, low-fat chocolate flavored",55,15
1221,"Jelly, made from commercial jelly crystals,",53,10
1222,"Jelly beans, assorted colors (Allen's, Nestlé, Australia)",80,22
1223,"Jelly beans, assorted colors (Savings,",76,21
1224,Kudos Milk Chocolate Granola bar with M&M's Milk,52,18
1225,"Kudos Whole-Grain bars, chocolate chip",62,20
1226,"Kudos Milk Chocolate Granola bars,",45,14
1227,"Licorice, soft (Coles Supermarkets, Australia)",78,16
1228,"Life Savers®, peppermint candy (Nestlé, Australia)",70,21
1229,"M & M's®, peanut (Mars Confectionery, Australia",33,6
1230,"Mars Bar® (Mars Confectionery, Australia)",62,25
1231,"Mars Bar® (M&M/Mars, USA)",68,27
1232,"Marshmallows (Candy Lane, Australia)",62,15
1233,"Milky Way® bar (M&M/Mars, USA)",62,26
1234,"Milky Way® Lite bar (M&M/Mars, USA)",45,15
1235,"Muesli bar, crunchy, containing dried apricot",61,13
1236,"Nutella®, chocolate hazelnut spread (Ferrero",33,4
1237,"Nutella®, chocolate hazelnut sprea",30,4
1238,"Nutella®, chocolate hazelnut sprea",25,3
1239,"Pirate's Booty, aged white cheddar extruded snack,",70,8
1240,"Microwave Popping Corn, butter flavor, President'",72,9
1241,"Microwave Popping Corn, natural flavor, President'",58,7
1242,Popcorn (China,55,6
1243,"Popcorn, plain, cooked in microwave ove",55,6
1244,"Poppin Microwave Popcorn, butter flavo",62,6
1245,"Poppin Lite Microwave Popcorn, butter flavor,",67,7
1246,"Pop TartsTM, double choc (Kellogg's, Australia)",70,24
1247,"Potato crisps, plain, salted (Canada)",51,12
1248,Potato crisps (China),60,12
1249,President's Choice® Blue MenuTM Original and,66,25
1250,"Pretzels, oven-baked, traditional wheat flavor",83,16
1251,"Pretzels, oven-baked, traditional wheat flavor, 97%",84,20
1252,Puffed rice squares (Czech Republic),77,19
1253,"Skittles® (Mars Confectionery, Australia)",70,32
1254,"Chewy Chocolate Chip & Marshmallow Granola Bar,",78,16
1255,"Chewy Cranberry Apple Granola Bar,",58,12
1256,"Chocolate Healtheries Simple bar, wheat and gluten",35,10
1257,"Chocolate Raspberry ZingTM bar (Revival Soy®,",47,2
1258,CocoaviaTM Chocolate Almond Snack bar,63,17
1259,"CocoaviaTM Cripsy Chocolate Bar (M&M/Mars, USA",33,8
1260,ExtendBarTM Apple Cinnamon Delight Bar,33,5
1261,ExtendBarTM Chocolate Delight Ba,41,7
1262,"ExtendBarTM Peanut Delight Bar (ExtendBar, USA",32,5
1263,"Munch Peanut Butter bar (M&M/Mars, USA",27,5
1264,"Peanut Butter Chocolate PalTM bar (Revival Soy®,",52,13
1265,"60% Whole Wheat Fig Fruit bar, President's",72,26
1266,"Slimfast® Meal Options bar, rich chocolate brownie",64,21
1267,"Snack bar, Apple Cinnamon (Con Agra Inc.,",40,12
1268,"Snack bar, Peanut Butter and Choc-Chip",37,10
1269,"Trim bar, Chocorama",31,4
1270,"Trim Bar, Mocha flavor (Aussie Bodies",25,3
1271,"Snickers Bar® (Mars Confectionery, Australia)",41,15
1272,"Snickers Bar® (M&M/Mars, USA)",43,15
1273,Apple Soy Joy Ba,19,2
1274,Apricot Soy Joy Ba,27,3
1275,Chocolate Orange Soy Joy Ba,41,5
1276,Mango Coconut Soy Joy Ba,28,3
1277,Plum + Fe Soy Joy Ba,25,3
1278,Plum + Folic acid Soy Joy Ba,27,3
1279,Raisin Almond Soy Joy Ba,28,3
1280,Sanzashi Soy Joy Ba,29,4
1281,Strawberry Soy Joy Ba,33,4
1282,"SunshineTM soy protein chips, lightly salted8",87,23
1283,"Tropical fruit and nut mix (Finest, UK)",49,14
1284,"TwistiesTM, cheese-flavored, extruded snack,",74,22
1285,"Twix® Cookie Bar, caramel (M&M/Mars, USA)",44,17
1286,"Yummiees lollies (Allseps Pty. Ltd., Australia",43,2
1287,"Clif bar, Chocolate Brownie Energy bar",57,22
1288,"Performance Chocolate Energy bar (Power Bar, USA)",53,22
1289,"Power Bar®, chocolate",58,24
1290,SmartZone Chocolate flavor,11,2
1291,SmartZone Chocolate flavor,16,3
1292,SmartZone Crunchy Blueberry flavor,15,3
1293,SmartZone Crunchy Chocolate Brownie flavor,23,4
1294,SmartZone Crunchy Chocolate Caramel flavo,16,3
1295,SmartZone Crunchy Chocolate Peanut Butter flavo,14,3
1296,SmartZone Crunchy Key Lime flavor,14,3
1297,SmartZone Peanut Butter flavor,18,3
1298,Chewy Chocolate Peanut flavor,36,9
1299,Cookies & Creme flavor,50,14
1300,Multi Grain Crunch flavor,50,14
1301,Peanut Butter flavor,34,8
1302,Chocolate Fudge Brownie flavo,20,2
1303,Peanut Butter flavo,21,2
1304,Dark Chocolate Crunch flavo,49,5
1305,Honey & Roasted Almond flavo,41,4
1306,Caramel Nut Rush flavo,26,6
1307,Chocolate Nut Burst flavo,32,6
1308,SoLo GI Berry Bliss Nutrition ba,29,6
1309,SoLo GI Chocolate Charger Nutrition ba,28,6
1310,SoLo GI Lemon Lift Nutrition bar,29,6
1311,SoLo GI Mint Mania Nutrition ba,23,5
1312,SoLo GI Peanut Power Nutrition ba,27,5
1313,SoLo GI Berry Bliss Snack ba,29,3
1314,SoLo GI Chocolate Charger Snack ba,28,3
1315,SoLo GI Lemon Lift Snack bar,29,3
1316,SoLo GI Mint Mania Snack ba,23,2
1317,SoLo GI Peanut Power Snack ba,27,3
1318,"VO2 Max Chocolate Energy bar (M&M/Mars, USA)",49,22
1319,"ZonePerfect Nutrition bar, Double Chocolate flavo",44,8
1320,"Barley Vegetable Instant soup, low-fat,",41,11
1321,"Carrot soup, President's Choice® Blue MenuTM",35,5
1322,Chicken and mushroom soup (UK)24,46,8
1323,Chicken and mushroom soup (UK)24 6,69,13
1324,"Chicken & Vegetable with wholegrain pasta, Country",43,5
1325,"Garden vegetable soup with peppers and croutons,",20,5
1326,"Indian Lentil Instant soup, low-fat,",62,12
1327,"Lentil, ready-to-serve, President's Choice® Blue",57,11
1328,"Minestrone, condensed, prepared with water",48,18
1329,"Minestrone, Traditional, Country Ladle®",39,7
1330,"Minestrone & Pasta Instant soup, low-fat,",54,22
1331,"Mushroom Barley, ready-to-serve, President's Choice®",45,3
1332,"Pasta & Fagioli soup, ready-to-serve, President's",52,10
1333,"Pumpkin Soup, creamy, Heinz® Very SpecialTM, with",76,14
1334,"Spicy Black Bean Instant soup, low-fat, President's",57,18
1335,"Spicy Black Bean with Vegetables soup,",46,12
1336,"Spicy Thai Instant soup, low-fat, President's Choice®",56,17
1337,"Tomato soup, condensed, prepared with water",52,15
1338,"Tomato & Herb, President's Choice® Blue MenuTM",47,7
1339,Vegetable soup (UK)24 6,60,11
1340,"Vegetable Couscous Instant soup, low-fat, President's",57,19
1341,"Vegetarian Chili Instant soup, low-fat, President's",36,10
1342,"Winter Squash, President's Choice® Blue MenuTM",41,5
1343,"Organic Agave Cactus Nectar, light, 90% fructose",11,1
1344,"Organic Agave Cactus Nectar, light, 97% fructose",10,1
1345,"Premium Agave nectar (Sweet Cactus Farms, USA",19,2
1346,50 g portion (China,23,2
1347,"50 g portion (GlucodinTM glucose tablets, Boots,",102,10
1348,46 g Glucose + 15 g apple and orange fiber extract,79,6
1349,Golden Syrup (Australia),63,13
1350,Yellow box (46% fructose) (Australia),35,6
1351,Stringy Bark (52% fructose) (Australia),44,9
1352,Red Gum (35% fructose) (Australia),46,8
1353,Iron Bark (34% fructose) (Australia),48,7
1354,"Capilano Premium Honey, blend of eucalypt & floral",51,11
1355,Yapunya (42 % fructose) (Australia),52,9
1356,"Pure (Capilano Honey Ltd., Richlands, Qld, Australia)",58,12
1357,Leabrook Farms Yellow box honey,60,13
1358,"Commercial Blend (38% fructose) (WA blend,",62,11
1359,Salvation Jane (32% fructose) (Australia)8,64,10
1360,"Clover honey, ratio of fructose: glucose, 1.09",69,15
1361,"Commercial Blend (28% fructose) (NSW blend,",72,9
1362,"Buckwheat honey, ratio of fructose:glucose, 1.12",73,16
1363,"Cotton honey, ratio of fructose:glucose, 1.03",74,16
1364,"Honey, NS type (China)",74,16
1365,"Tupelo honey, ratio of fructose:glucose, 1.54",74,16
1366,"Honey, NS (Canada)8",87,18
1367,50 g portion (China,46,5
1368,50 g portion (Canada) 1,105,11
1369,50 g portion (China),105,11
1370,"Maple flavored syrup (Cottee's Foods, Australia)",68,15
1371,"Maple syrup, pure Canadian (Queen Foods,  Australia)",54,10
1372,50 g portion (South Africa,65,7
1373,50 g portion (China,84,8
1374,"Broad beans, frozen, reheated in microwav",63,3
1375,"Pea, frozen, boiled (Canada)",51,4
1376,"Pea, green (Pisum Sativum) (India)14",54,4
1377,"Butternut pumpkin, boiled (Australia)",51,3
1378,"Pumpkin (Cucurbita moschata), peeled, cubed,",66,12
1379,"Pumpkin, boiled in salted water (South Africa",75,3
1380,"Sweet corn, 'Honey & Pearl' variety (New Zealand)",37,6
1381,Sweet corn (China,55,9
1382,Sweet corn (South Africa),62,11
1383,"Carrots, raw, diced (Australia",35,2
1384,"Carrots, raw, ground (Australia",39,2
1385,"Carrots, peeled, boiled (Sydney, NSW, Australia)",33,2
1386,"Carrots, peeled, diced boiled (Sydney, NSW, Australia)",49,2
1387,"Cassava (Manihot esculenta), peeled, boiled 30 min,  9",94,36
1388,"Parsnips, peeled, boiled (Australia)",52,4
1389,"Potato, white with skin, baked (UK)",69,19
1390,"Irish potato (Solanum tuberosum), peeled,",83,25
1391,"Pontiac, peeled and baked (Australia) 9",93,17
1392,"Potato, white without skin, baked (UK)",98,26
1393,"Charlotte, peeled, quartered, boiled 15 min (UK)",66,15
1394,"Charlotte, boiled (UK) 8",81,19
1395,"Desiree, peeled, boiled 35 min (Australia) 10",101,17
1396,"Estima, peeled, quartered, boiled 15 min (UK)",66,17
1397,"Irish potato (Solanum tuberosum), peeled, cubed,",59,19
1398,"King Edward potato, peeled, quartered,  7",75,21
1399,"Marfona potato, peeled, quartered, boiled 15 min",56,18
1400,"Maris Piper potato, peeled, quartered, boiled 15 min",85,25
1401,"Nicola potato, peeled, quartered, boiled 15 min (UK)",59,9
1402,"Nicola potato, unpeeled, boiled whole for 15 min",58,9
1403,"Pontiac, peeled, boiled 35 min  (Australia)",88,16
1404,"Sebago, peeled, boiled 35 min  (Australia)",87,14
1405,"Type NS, boiled (China)",66,13
1406,"Red potatoes, boiled with skin on in salted water",89,19
1407,"Potato, white, boiled (UK) 9",96,24
1408,"Potato, red, cubed, boiled in salted water 12 min,",56,12
1409,"New, canned, heated in microwave 3 min (Mint Tiny",65,12
1410,"French Fries, baked 15 min (OreIda Golden Fries,",64,21
1411,"Irish potato (Solanum tuberosum), peeled, fried in",70,21
1412,"Instant (Idahoan Foods, Lewisville, ID, USA)",79,16
1413,Instant (Canada) 8,80,16
1414,"Instant (Idahoan Foods, Lewisville, ID, USA)",88,18
1415,"Instant (Idahoan Foods, Lewisville, ID, USA),",92,18
1416,"Instant (Idahoan Foods, Lewisville, ID, USA)",97,19
1417,"Mashed potato, instant (Farmland, Australia)   7",71,17
1418,"Mashed potato, instant (Farmland, Australia)   7",74,18
1419,"Mashed potato, instant (Farmland, Australia)",68,17
1420,Type NS (South Africa) 7,71,14
1421,Type NS (China),73,15
1422,"Desiree potato, mashed (UK) 10",102,26
1423,"Pontiac, peeled, cubed, boiled 15 min, mashed",91,18
1424,"Estima, microwaved 6 min then baked 10 min (UK)",93,24
1425,"Pontiac, peeled and microwave on high",79,14
1426,"Prince Edward Island white potato, cooked in",73,15
1427,"Russet Burbank potato, unpeeled, cooked in",77,19
1428,New (Canada),70,12
1429,"New, unpeeled and boiled 20 min (Australia) 7",78,16
1430,"New potato, boiled (UK)  8",80,18
1431,"Potato, NS type, steamed (China)",62,12
1432,"Potato (Solanum Tuberosum), peeled, steamed 1 h  6",65,18
1433,"California white potatoes, cubed,",72,14
1434,"Sweet potato (Ipomoea batatas), peeled, cubed,",46,15
1435,"Sweet potato, orange flesh, peeled, cut into pieces,",61,11
1436,"Sweet potato, kumara (New Zealand) 7",77,19
1437,"Sweet potato (Ipomoea batatas), peeled,",94,42
1438,"Sweet potato (Ipomoea batatas), peeled,",76,34
1439,"Sweet potato (Ipomoea batatas), peeled, roasted",82,37
1440,"Sweet potato, orange (China)",77,16
1441,"Sweet potato, purple skin white flesh, peeled,",75,22
1442,"Tapioca (Manihot Utilissima), steamed 1 h (India)14 7",70,12
1443,Taro (China),48,4
1444,"Taro, peeled, boiled (New Zealand)",56,4
1445,"Yam, peeled, boiled (New Zealand)",35,13
1446,Yam (China),54,19
1447,"Yam, steamed (China)",51,18
1448,"Coco yam (Xanthosoma spp.), peeled, cubed,",61,28
1449,"Lucea Yam,  peeled, cubed, boiled 30 (Jamaica)",74,20
1450,"Lucea Yam, peeled, roasted on preheated charcoal",77,29
1451,"Negro yam, peeled, cubed, boiled 30 min (Jamaica)",73,23
1452,"Negro yam, peeled, roasted on preheated charcoal",73,28
1453,"Round leaf yellow yam, peeled, cubed, boiled 30 min",68,23
1454,"Round leaf yellow yam, peeled,  roasted on preheated",80,32
1455,"Sweet yam, peeled, cubed, boiled 30 min (Jamaica)",79,20
1456,"Sweet yam, peeled, roasted on preheated charcoal",82,32
1457,"White yam, peeled, cubed, boiled 30 min (Jamaica)",75,24
1458,"White yam, peeled, roasted on preheated charcoal",80,28
1459,Brown beans (South Africa) 24±8,24,6
1460,"Ga kenkey, prepared from fermented cornmeal (Zea mays)",12,7
1461,"Gari, roasted cassava dough (Manihot utilissima)",56,15
1462,"Gram dhal soaked overnight, cooked in salted water  5±3",5,1
1463,"Maize meal porridge, unrefined,  71±6",71,25
1464,"Maize meal porridge, refined,  74±7",74,30
1465,"M'fino/Morogo, wild greens (South Africa)",68,34
1466,"Unripe plantain (Musa paradisiaca) eaten with fish, 40±4 1",40,13
1467,"White rice (Oryza sativa), boiled, eaten with fish,",34,14
1470,Hummus (chickpea salad di,6,0
1471,"Lebanese bread (white, unleaved), hummus,  8",86,39
1472,Stuffed grapevine leaves (rice and lamb stuffing,30,5
1473,"Broken rice, white, cooked in rice cooker",86,37
1474,"Glutinous rice, white, cooked in rice cooker",94,31
1475,"Jasmine rice, white, cooked in rice cooker 10",109,46
1476,Lotus root powder (China,33,3
1477,"Lychee, canned in syrup, drained",79,16
1478,"Mung bean noodles, dried, boiled (China)",39,18
1480,"Rice noodles, fresh, boiled (Sydney, NSW, Australia)",40,15
1482,"Udon noodles, fresh, reheated (Fantastic brand,",62,30
1483,"Banana, (Musa sapientum), Nendra variety,  7",70,31
1484,"Black gram, (Phaseolus mungo), soaked 12 h,",43,8
1485,"Chapatti, flour from malted wheat, moth bean",66,25
1486,"Chapatti, flour made from popped wheat, moth bean",40,14
1487,"Chapatti, flour from roller dried wheat, moth bean",60,23
1488,"Chapatti, wheat flour, thin, with green gram",44,22
1489,"Cheela, bengal gram (Cicer arietinum)",42,12
1490,"Cheela, bengal gram (Cicer arietinum),",36,10
1491,"Cheela, green gram (Phaseolus aureus)",45,12
1492,"Cheela, green gram (Phaseolus aureus),",38,10
1493,"Dosai (parboiled and raw rice, soaked, ground,",55,22
1494,"Green gram, (Phaseolus aureus), soaked 12 h,",38,6
1495,"Horse gram, (Dolichos biflorus) soaked 12 h,  5",51,15
1496,"Idli (parboiled and raw rice with black dhal, soaked,",60,31
1497,Lentil and cauliflower curry with rice (Australia) 6,60,31
1498,"Millet/Ragi, (Eleucine coracana), dehusked,  6",68,23
1499,"Pongal (rice and roasted green gram dhal,",45,35
1500,Poori (deep-fried wheat flour dough) with,57,28
1501,"Tapioca (Manihot utilissima), steamed 1h14 7",70,12
1502,"Upittu (roasted semolina and onions, cooked in water)",69,28
1503,"Macrozamia communis (cycad palm seed), sliced,",40,10
1504,"Green banana, boiled (New Zealand)",38,8
1505,Plantain (Musa AAB) (Fiji),68,21
1506,Roti/chappati (Fiji),59,16
1508,Tannia (Xanthosoma sagittifolium) (Fiji),63,23
1511,"Acorns (Quercus emoryi, stewed with venison8",16,1
1512,Corn hominy (Zea mays)8,40,12
1513,Lima beans broth (Phaseolus lunatus)8,36,12
1514,White teparies broth (Phaseolus acutifolius)8,31,10
1515,Yellow teparies broth (Phaseolus acutifolius)8,29,8
1516,Ground beef served with rice and an orange (Chile),31,24
1517,"Lentil soup, pureed consumed with an orange (Chile)",49,16
1518,Spaghetti served with beef tomato sauce,42,21
1519,Spaghetti served with pressure-cooked white beans 7,77,25
1520,"Breadfruit (Artocarpus altilis), peeled, boiled 26 min,",60,17
1522,"Dasheen, peeled, boiled 30 min, refrigerated, 7",77,44
1523,"Dasheen, peeled, boiled 30 min, crushed, refrigerated,",66,38
1524,"Dasheen, peeled, boiled 30 min, uncrushed (whole),  7",75,43
1525,"Dasheen, peeled, cubed, boiled 30 min (Jamaica)",72,19
1526,"Eddoe (Colocasia esculenta var. antiquorum),  6",61,21
1527,"Green banana, peeled, boiled 10 min (Jamaica)",37,10
1528,"Green banana, peeled, fried in vegetable oil (Jamaica)",35,11
1529,"Green banana/plantain, boiled 23 min, frozen,  6",65,17
1530,"Green plantain (Musa paradisiaca), peeled,",39,9
1531,"Green plantain (Musa paradisiaca), peeled, fried",40,14
1532,"Ripe plantain (Musa paradisiaca), peeled,",66,13
1533,"Ripe plantain (Musa paradisiaca), peeled, fried",90,26
1534,"Irish potato (Solanum tuberosum), peeled,",71,35
1535,"Irish potato, peeled, boiled 30 min, crushed",66,33
1536,"Irish potato, peeled, boiled 30 min, uncrushed (whole),  6",66,33
1537,Sadha roti (leavened wheat-based brea,65,
1538,"Tannia (Xanthosoma sagittifolium), peeled,",60,33
1539,"Tannia, peeled, boiled 30 min, crushed, refrigerated,",52,29
1540,"Tannia, peeled, boiled 30 min, uncrushed (whole),",50,28
1542,"Lucea yam (Dioscorea rotunda),  peeled, cubed,",74,20
1543,"Lucea yam, peeled, roasted on preheated charcoal",77,29
1544,"Negro yam (Dioscorea rotundata), peeled, cubed,",73,23
1546,"Round leaf yellow yam (Dioscorea cayenensis),",68,23
1547,"Round leaf yellow yam, peeled, roasted on preheated",80,32
1548,"Sweet yam (Dioscorea alata), peeled, cubed,",79,20
1550,"White yam (Dioscorea alata), peeled, boiled 30 min,",62,15
1553,Mean ± SEM. Two GI values are shown for each food - one in which glucose sugar was used as the reference food and one in which white bread was used as the refe,,
1554,"Sponge cake, plain (Canada)",46,17
1555,Pastry (Canada),59,15
1556,"Lucozade®, original (sparkling glucose drink) 95±1",95,40
1557,"Allsport®, orange (PepsiCo Inc., Somers, NY, USA) 53±",53,11
1558,"Cytomax®, orange (Cytosport, Concordia, CA, USA) 62",62,7
1559,"Gatorade®, orange flavor, US formula  89±1",89,13
1560,"GatorLode®, orange flavor 100±",100,51
1561,"Poweraid®, orange (Coca-Cola Company,  65±",65,13
1562,"XLR8®, orange flavor (Softpac Industries Inc., 68",68,9
1563,"Baguette, white, plain (France)",95,14
1564,"Classic French baguette (prepared with wheat flour,",83,15
1565,"Classic French baguette (prepared with wheat flour,",78,14
1566,"French bread, fermented with leaven (France)",80,13
1567,"French bread, fermented with yeast (France)",81,13
1568,Traditional French baguette (prepared with wheat,69,12
1569,"Bürgen® Dark/Swiss rye (Tip Top Bakeries, Australia",74,7
1570,White flour (Israel),78,12
1571,"Bürgen® Mixed Grain (Tip Top Bakeries,",69,8
1572,"MolenbergTM (Goodman Fielder, New Zealand)",84,12
1573,Middle Eastern flatbread,97,15
1574,"Pita bread, white (Sainsbury's, UK)",67,10
1575,"Pita bread, white (Value, UK)",69,10
1576,Wheat flour flatbread (India),66,11
1577,Amaranth : wheat (25:75) flour flatbread (India),66,10
1578,Amaranth : wheat (50:50) flour flatbread (India),76,11
1579,"Amaranth (Amaranthus esculentum) popped,",97,18
1580,"CornflakesTM (Kellogg's, Auckland, New Zealand)",72,18
1581,"Cornflakes (Kellogg's, France)",93,25
1582,"Cornflakes (Kellogg's, MI, USA) 1",132,33
1583,"Sultana Bran (Healthy Living, UK)",90,15
1584,"Thank GoodnessTM (Hubbards, New Zealand)",65,15
1585,"Juicy cereal bar (stavnata tycinka FIT, Usovsko,",85,17
1586,"Amaranth (Amaranthus esculentum) popped,",97,21
1587,Buckwheat (Canada) 5,51,15
1588,"Sweet corn, cooked (Israel)",52,17
1589,Sweet corn (Canada) 5,59,19
1590,"Millet, boiled (Canada) 7",71,26
1591,"White (Oryza sativa), boiled (India) 6",69,30
1592,"Long grain, boiled 25 min (Surinam)",56,24
1593,"Brown (Oryza Sativa), boiled (South India)6 5",50,17
1594,"Semolina, roasted at 105oC then gelatinised",55,6
1595,"Semolina, steamed and gelatinised (India)",54,6
1596,"Golden Fruit (Griffin's Foods Ltd.,",77,13
1597,"Oro (Saiwa, Italy)",67,21
1598,"Ice cream, NS (Canada",36,5
1599,"Ice cream, chocolate flavored (USA)",68,10
1600,"Probiotic drink, pink grapefruit (UK)4 60±1",60,20
1601,"Yoghurt, type NS (Canada)",36,3
1602,"Yoghurt, Strawberry (Healthy Living Light, UK)4",45,5
1603,"Yoghurt, low-fat, toffee (UK)4 5",51,15
1604,"Tofu-based frozen dessert, chocolate with 1",115,10
1605,"Apple, Braeburn (New Zealand)4",32,4
1606,Banana (Israel),49,12
1607,"Dates, dried (Australia) 1",103,42
1608,"Dates, NS type (Israel)",62,21
1609,"Kiwi fruit, Hayward (New Zealand)4",47,6
1610,"Mango, ripe (Mangifera indica) (India)6",60,9
1611,"Orange, NS (Israel)",47,6
1612,"Paw paw (papaya), ripe (India)6 6",60,17
1613,"Pear, Winter Nellis, raw (New Zealand)4",34,4
1614,Raisins (Israel),66,28
1615,"Orange juice, reconstituted from  57±",57,15
1616,"Butter beans, dried, soaked, cooked 1.25 h",29,6
1617,"Butter beans, dried, boiled + 5 g sucrose",30,6
1618,"Butter beans, dried, boiled + 10 g sucrose",31,6
1619,"Butter beans, dried, boiled + 15 g sucrose",54,11
1620,"Kidney beans, dried, boiled (France)",23,6
1621,"Lentils, green, dried, boiled (France)",30,5
1622,"Boost®, vanilla flavor (Mead Johnson,  53±",53,23
1623,"Boost High-Protein®, vanilla flavor (Mead Johnson,  59±",59,21
1624,Chocolate soya weight management drink (UK)16 73±1,73,26
1625,"GatorPro®, chocolate flavor (Gatorade,  89±",89,40
1626,"Met-RX ®, vanilla (Met-RX substrate 58±",58,6
1627,"Optifuel (Twin Laboratories Inc,  78±",78,27
1628,Fish Fingers (Canada),38,7
1629,"Kugel (Polish dish containing egg noodles, sugar,",65,31
1630,"Sausages, NS type (Canada)",28,1
1631,Stirfried vegetables with chicken and boiled 7,73,55
1632,Classic French Baguette with 10 g butter and 5,59,25
1633,"Biosorb® drink, standard (Nutricia N.V., Netherlands)4 50±1",50,15
1634,"EnsureTM, vanilla flavor (Abbott Laboratories, 75±1",75,33
1635,Nutridrink® enteral formula  61±1,61,28
1636,Nutridrink Multi Fibre® enteral formula 53±1,53,24
1637,Peanuts (Canada),13,1
1638,"Spaghetti, Durum wheat, boiled 20 min (USA) 6",64,27
1639,White (Israel),42,20
1640,"Burger RingsTM, barbeque-flavored (Smith's Snack",90,28
1641,"Chocolate, milk, plain, low-sugar",35,8
1642,"Juicy cereal bar (Stavnata Tycinka FIT,",85,17
1643,"Clif bar, Cookies & Cream flavor",101,49
1644,"MET-Rx Bar, vanilla flavor",74,24
1645,"Power bar®, chocolate (Powerfood Inc,",83,37
1646,"PR-bar, Cookies 'N Cream flavor",81,23
1647,Tomato soup (Canada),38,6
1648,50 g portio,20,2
1649,100 g Glucose + 20 g cellulose20,103,10
1650,50 g portion,59,6
1651,25 g portion4 1,110,11
1652,"Isomalt (Sudzucker AG, Mannheim, Germany)",2,0
1653,"Isomaltulose, PalatinoseT",32,3
1654,"25 g lactitol5,2",-1,0
1655,"25 g lactitol MC (Danisco sweeteners, Surrey, UK)",3,0
1656,"25 g Litesse II, bulking agent with polydextrose a",7,1
1657,"25 g Litesse III ultra, bulking agent with polydextros",4,0
1658,"Lycasin® HBC, syrup containing 50-55% maltitol,",47,5
1659,"Lycasin® HBC, syrup containing 50-55% maltitol",25,3
1660,"25 g Malbit CR (87% maltitol) (Cerestar,",30,3
1661,25 g Maltidex 100 (> 72% maltitol),44,4
1662,25 g Malbit CH (99% maltitol),73,7
1663,25 g Maltidex 200 (50% maltitol),89,9
1664,"Tagatose sugar replacement, Gai",3,0
1665,25 g xylitol,7,1
1666,"25 g  Xylitol C (Danisco Sweeteners, UK)",8,1
1667,Broad beans (Canada)4,79,9
1668,"Pea, cooked (Israel",35,5
1670,Sweet corn (Canada),59,11
1671,Beetroot (Canada)4,64,4
1672,"Carrots, NS (Canada)4",92,6
1673,"Carrots, peeled, boiled, ground to smooth paste",60,4
1674,Parsnips (Canada)4,97,12
1675,"Desiree, peeled, quartered, boiled 15 min in  7",77,13
1676,"Maris Peer potato, peeled, quartered, boiled 15 min 9",94,27
1677,"Nardine, boiled (New Zealand) 7",70,18
1678,Instant (France) 7,74,15
1679,Instant (UK) 9,95,17
1680,"Sweet potato, NS (Canada)",48,16
1681,"Sweet potato, kumara (New Zealand)",78,20
1682,Swede (rutabaga) (Canada)4,72,7
1683,"Tapioca, boiled (India)6",93,17
1684,"Yam, peeled, boiled (New Zealand)",25,9
1685,Yam (Canada) 5,51,18
1686,"Ga Kenkey, prepared from fermented cornmeal",44,18
1687,"Gari, roasted cassava dough (Manihot utilissima)",49,13
1688,"Green plantain (musa paradisiaca), boiled (Ghana)23 41±5 1",41,15
1689,"White rice (Oryza sativa), boiled (Ghana)23",40,17
1690,White yam (Dyscoria  species) (Ghana)23,65,26
1691,Kibbeh saynieh (made with lamb and burghul),61,9
1692,"Majadra (Syrian, lentils and rice)",24,10
1693,Middle Eastern flatbread,97,16
1694,"Moroccan Couscous (stew of semolina,",58,17
1695,"Stirfried vegetables, chicken and rice, 7",73,55
1696,"Amaranth (Amaranthus esculentum), popped,",97,18
1697,Appam (thin pancake made from fermented,90,58
1698,"Bajra (Penniseteum typhoideum), eaten as 55±13",55,28
1699,"Chapatti, amaranth-wheat (25:75) composite flour,",66,20
1700,"Chapatti, amaranth-wheat (50:50) composite flour,",76,23
1701,"Chapatti, wheat, served with bottle gourd",66,21
1702,"Chapatti, wheat flour, thin, with green gram",81,41
1703,"Dhokla, leavened, fermented, steamed cake;",35,7
1704,"Dhokla, leavened, fermented, steamed cake;",31,9
1705,"Dosai (parboiled and raw rice, soaked, ground,",77,30
1706,"Green gram, whole with varagu 57±6",57,29
1707,"Green gram dhal with varagu, pressure cooked 78±12",78,39
1708,Idiappam (steamed rice flour dough with,86,52
1709,"Idli (parboiled and raw rice + black dhal, soaked,",77,40
1710,"Jowar, roasted bread made from Jowar flour 77±8",77,39
1711,"Laddu (popped amaranth, foxtail millet, roaste",24,7
1712,"Laddu (popped amaranth, foxtail millet, roaste",29,9
1713,Millet/Ragi (Eleucine coracana) flour eaten 104±13,104,52
1714,"Pongal (rice and roasted green gram dhal,",90,47
1715,Poori (deep-fried wheat flour dough) with,82,34
1716,"Puttu (rice flour, steamed with tender coconut)",79,58
1717,"Rice (Oryza Sativa), boiled served with bottle gourd 6",69,26
1718,"Semolina (Triticum aestivum), steamed 55±9",55,28
1719,"Semolina (Triticum aestivum), pre-roasted 76±6",76,38
1720,Semolina (Triticum aestivum) with fermented black  46±12,46,23
1721,Semolina (Triticum aestivum) with fermented 62±20,62,31
1722,Semolina (Triticum aestivum) with fermented  54±7,54,27
1723,"Varagu (Paspalum scorbiculatum), pressure cooked 68±8",68,34
1724,"Upittu (roasted semolina and onions, cooked in water)",67,28
1725,"Uppuma kedgeree (millet, legumes, fenugreek seeds;",18,6
1726,"Uppuma kedgeree (millet, legumes, fenugreek seeds;",19,6
1728,Melawach (dough made from white wheat flour 6,61,32
1729,Melawach,71,38
1730,Melawach + 15 g locust bean (Ceratonia siliqua),31,16
1731,Melawach + 15 g maize cob fiber (insoluble) 5,59,31
1732,Melawach + 15 g lupin (Lupinus albus) fiber 7,72,38
1735,Mesquite cakes (Prosopis velutina),25,1
1736,"Burrito (made from scrambled eggs, tomato, onions",37,
1737,"Burrito (made from scrambled eggs, tomato, onions",29,
1738,Chilaquiles (casserole made from corn tortilla,51,
1739,Chilaquiles (casserole made from corn tortilla,35,
1740,"Quesadillas (made from low-fat cheese, avocado",36,
1741,"Quesadillas (made from low-fat cheese, avocado",25,
