Company,Category,Product,Per Serve Size,Energy (kCal),Carbohydrates (g),Protein (g),Fiber (g),Sugar (g),Total Fat (g),Saturated Fat (g),Trans Fat (g),Cholesterol (mg),Sodium (mg)
Pizza Hut,All Meals,Corn n Cheese (Personal),143.5 g,432.6,65.64,17.91,3.85,0.0,10.93,5.14,0.16,16.19,499.72
Pizza Hut,All Meals,Country Feast (Personal),178 g,407.6,67.11,16.73,7.19,0.0,8.03,3.24,0.11,66.8,818.0
Pizza Hut,All Meals,Double Cheese (Personal),143 g,423.33,59.97,18.26,3.49,0.0,12.27,5.23,0.18,19.75,638.22
Pizza Hut,All Meals,Double Paneer Supreme (Personal),174.5 g,474.03,52.86,20.07,3.79,0.0,20.26,9.25,0.33,71.72,1128.11
Pizza Hut,All Meals,Farmer`s Pick (Personal),177 g,408.16,53.93,19.91,2.46,0.0,12.53,4.9,0.14,48.09,942.67
Pizza Hut,All Meals,Margherita (Personal),130.5 g,361.73,50.69,15.93,4.08,0.0,10.58,3.86,0.12,26.47,713.82
Pizza Hut,All Meals,Spiced Paneer (Personal),157 g,408.01,47.54,21.68,6.92,0.0,14.57,8.02,0.35,37.37,622.38
Pizza Hut,All Meals,Tandoori Onion (Personal),139.5 g,410.16,57.14,15.08,1.33,0.0,13.48,4.52,0.13,23.87,826.22
Pizza Hut,All Meals,Tandoori Paneer (Personal),167.5 g,532.08,76.38,17.82,7.07,0.0,17.25,6.67,0.22,21.67,960.93
Pizza Hut,All Meals,Veg Exotica (Personal),170.5 g,363.05,55.12,13.66,4.28,0.0,9.77,3.92,0.12,23.96,640.46
Pizza Hut,All Meals,Veg Kebab Surprise (Personal),194.5 g,520.4,63.12,24.62,5.56,0.0,18.83,6.81,0.18,23.03,1158.85
Pizza Hut,All Meals,Veggie Feast (Personal),160.5 g,408.06,60.57,17.75,4.24,0.0,10.53,4.12,0.13,21.96,869.41
Pizza Hut,All Meals,Veggie Lover (Personal),171 g,411.72,56.6,17.2,3.66,0.0,12.94,5.32,0.17,19.29,564.98
Pizza Hut,All Meals,Veggie Supreme (Personal),178 g,426.59,55.39,17.75,4.43,0.0,14.42,5.52,0.16,32.43,591.1
Pizza Hut,All Meals,Veggie Tandoori (Personal),153.5 g,432.21,58.12,13.98,2.0,0.0,15.98,5.36,0.15,31.91,835.35
Pizza Hut,All Meals,Momo Mia Veg (Personal),209 g,510.19,65.21,19.88,9.34,5.18,18.87,8.23,0.33,19.86,747.15
Pizza Hut,All Meals,Momo Mia Chicken (Personal),211 g,516.63,64.02,22.56,9.03,4.62,18.93,7.93,0.3,24.1,845.84
Pizza Hut,All Meals,Chicken n Corn Delight (Personal),165.5 g,421.56,57.38,20.75,5.84,0.0,12.11,5.11,0.15,50.96,916.52
Pizza Hut,All Meals,Chicken Pepper Crunch (Personal),167.5 g,447.43,50.59,21.32,5.86,0.0,17.76,7.45,0.23,54.62,780.15
Pizza Hut,All Meals,Chicken Pepperoni (Personal),154.5 g,439.17,50.41,14.85,4.74,3.62,19.79,7.79,0.22,112.45,948.58
Pizza Hut,All Meals,Chicken Sausage (Personal),151.5 g,443.02,48.93,17.98,4.68,0.0,19.48,8.03,0.26,38.62,678.93
Pizza Hut,All Meals,Chicken Supreme (Personal),172.5 g,445.19,47.37,23.87,5.18,0.0,17.78,6.66,0.19,39.61,1264.58
Pizza Hut,All Meals,Chicken Tikka Supreme (Personal),172.5 g,434.67,49.46,22.49,4.31,0.0,16.32,6.16,0.17,25.41,1328.54
Pizza Hut,All Meals,Double Chicken Sausage (Personal),148.5 g,445.29,49.32,18.37,5.05,4.34,19.39,7.2,0.21,89.77,637.69
Pizza Hut,All Meals,Italian Chicken Feast (Personal),170.5 g,449.4,53.52,20.08,5.34,3.68,17.22,6.38,0.17,58.63,1075.04
Pizza Hut,All Meals,Malai Chicken Tikka (Personal),167.5 g,425.45,53.99,21.62,3.9,0.0,13.67,6.06,0.2,24.64,1284.31
Pizza Hut,All Meals,Spiced Chicken Meatball (Personal),154.5 g,394.79,46.12,20.84,6.64,0.0,14.11,6.88,0.23,49.83,752.04
Pizza Hut,All Meals,Triple Chicken Feast (Personal),193.5 g,424.46,50.12,24.15,4.88,0.0,22.76,9.25,0.27,42.86,1421.66
Pizza Hut,All Meals,Chicken Tikka (Personal),151.5 g,394.73,48.43,17.56,6.83,0.0,14.53,6.18,0.18,37.48,656.21
Pizza Hut,All Meals,Veggie Tandoori (Medium),200 g,563.14,75.72,18.22,2.6,0.0,20.82,6.98,0.2,41.58,1088.4
Pizza Hut,All Meals,Momo Mia Veg (Medium),257 g,627.36,80.18,24.44,11.49,6.37,23.21,10.13,0.41,24.42,918.75
Pizza Hut,All Meals,Corn n Cheese (Medium),185 g,557.7,84.62,23.09,4.96,0.0,14.1,6.62,0.2,20.87,644.24
Pizza Hut,All Meals,Country Feast (Medium),237 g,542.71,89.35,22.28,9.57,0.0,10.69,4.31,0.14,88.95,1199.05
Pizza Hut,All Meals,Double Cheese (Medium),182 g,542.58,76.86,23.41,4.48,0.0,15.72,6.7,0.24,25.32,900.56
Pizza Hut,All Meals,Double Paneer Supreme (Medium),223.6 g,607.41,67.73,25.71,4.85,0.0,25.96,11.85,0.42,91.9,1445.53
Pizza Hut,All Meals,Farmer`s Pick (Medium),229 g,528.07,69.78,25.76,3.18,0.0,16.21,6.34,0.18,62.22,1219.61
Pizza Hut,All Meals,Margherita (Medium),165.6 g,459.03,64.32,20.22,5.18,0.0,13.43,4.9,0.15,33.58,905.82
Pizza Hut,All Meals,Spiced Paneer (Medium),205 g,532.754,62.08,28.31,9.04,0.0,19.02,10.48,0.45,48.79,812.66
Pizza Hut,All Meals,Tandoori Onion (Medium),178 g,523.36,72.91,19.24,1.69,0.0,17.19,5.77,0.16,30.46,1054.24
Pizza Hut,All Meals,Tandoori Paneer (Medium),215 g,682.97,98.04,22.88,9.07,0.0,22.15,8.56,0.28,27.82,1233.43
Pizza Hut,All Meals,Veg Exotica (Medium),214 g,455.67,69.19,17.14,5.37,0.0,12.26,4.92,0.15,30.07,510.27
Pizza Hut,All Meals,Veg Kebab Surprise (Medium),257.6 g,689.23,83.59,32.61,7.37,0.0,24.94,9.02,0.23,30.5,1534.81
Pizza Hut,All Meals,Veggie Feast (Medium),209.6 g,532.89,79.1,23.18,5.53,0.0,13.75,5.39,0.17,28.67,1135.38
Pizza Hut,All Meals,Veggie Lover (Medium),223 g,536.92,73.81,22.43,4.77,0.0,16.88,6.94,0.22,25.15,736.79
Pizza Hut,All Meals,Veggie Supreme (Medium),229.6 g,550.26,71.45,22.89,5.72,0.0,18.6,7.12,0.21,41.83,762.46
Pizza Hut,All Meals,Chicken n Corn Delight (Medium),218g,444.9,58.79,21.7,2.68,0.0,13.66,5.34,0.15,52.42,1027.51
Pizza Hut,All Meals,Chicken Pepper Crunch (Medium),221.6 g,591.94,66.92,28.21,7.76,0.0,23.49,9.86,0.31,72.26,1032.12
Pizza Hut,All Meals,Chicken Pepperoni (Medium),197.6 g,561.68,64.48,18.99,6.07,4.62,25.31,9.96,0.28,143.81,1213.2
Pizza Hut,All Meals,Chicken Sausage (Medium),194 g,567.29,62.66,23.03,5.99,0.0,24.95,10.28,0.33,49.45,869.39
Pizza Hut,All Meals,Chicken Supreme (Medium),227 g,585.84,62.33,31.42,6.81,0.0,23.4,8.76,0.25,52.12,1664.11
Pizza Hut,All Meals,Chicken Tikka Supreme (Medium),223.6 g,563.43,64.11,29.16,5.59,0.0,21.15,7.98,0.22,32.94,1722.1
Pizza Hut,All Meals,Double Chicken Sausage (Medium),189.6 g,568.53,62.97,23.45,6.45,5.54,24.76,9.2,0.27,114.61,814.18
Pizza Hut,All Meals,Italian Chicken Feast (Medium),213.2 g,561.95,66.92,25.11,6.67,4.61,21.53,7.97,0.21,73.32,1344.27
Pizza Hut,All Meals,Malai Chicken Tikka (Medium),215.6 g,547.62,69.49,27.83,5.02,0.0,17.59,7.8,0.26,31.71,1653.11
Pizza Hut,All Meals,Spiced Chicken Meatball (Medium),198 g,505.95,59.1,26.71,8.51,0.0,18.08,8.81,0.3,63.86,963.78
Pizza Hut,All Meals,Triple Chicken Feast (Medium),253 g,554.98,65.53,31.57,6.38,0.0,29.75,12.09,0.35,56.04,1858.82
Pizza Hut,All Meals,Chicken Tikka (Medium),226 g,588.84,72.25,26.19,10.19,0.0,21.67,9.22,0.27,55.91,978.9
Pizza Hut,All Meals,Momo Mia Chicken (Medium),259 g,634.16,78.58,27.69,11.09,5.67,23.23,9.74,0.36,29.58,1038.25
Pizza Hut,All Meals,Corn n Cheese (Personal),126 g,332.61,44.5,15.12,2.85,0.0,10.46,4.13,0.14,7.75,551.88
Pizza Hut,All Meals,Country Feast (Personal),161 g,376.45,58.33,16.44,5.65,0.0,8.6,3.32,0.1,3.99,715.45
Pizza Hut,All Meals,Double Cheese (Personal),126 g,370.43,50.55,15.66,2.99,0.0,11.73,5.57,0.19,17.31,608.08
Pizza Hut,All Meals,Double Paneer Supreme (Personal),157 g,414.59,45.34,18.35,3.3,0.0,17.76,9.31,0.3,18.31,958.27
Pizza Hut,All Meals,Farmer`s Pick (Personal),148 g,361.77,46.87,17.29,2.21,0.0,11.63,3.88,0.13,8.04,764.54
Pizza Hut,All Meals,Margherita (Personal),113 g,311.42,43.01,13.31,3.32,0.0,9.57,4.16,0.12,13.0,632.92
Pizza Hut,All Meals,Spiced Paneer (Personal),140 g,359.58,41.31,19.1,5.84,0.0,13.1,6.22,0.21,16.34,574.0
Pizza Hut,All Meals,Tandoori Onion (Personal),122 g,365.21,49.59,13.74,1.54,0.0,12.43,4.59,0.16,9.46,745.08
Pizza Hut,All Meals,Tandoori Paneer (Personal),149 g,477.47,66.75,16.64,5.77,0.0,15.99,8.08,0.31,15.18,894.46
Pizza Hut,All Meals,Veg Exotica (Personal),153 g,335.82,49.08,13.77,3.61,0.0,9.38,3.18,0.11,12.1,528.48
Pizza Hut,All Meals,Veg Kebab Surprise (Personal),177 g,472.77,56.18,21.95,4.74,0.0,17.81,8.11,0.25,15.12,1108.02
Pizza Hut,All Meals,Veggie Feast (Personal),143 g,362.03,52.4,15.82,3.95,0.0,9.91,3.76,0.11,11.87,801.89
Pizza Hut,All Meals,Veggie Lover (Personal),155 g,390.8,53.27,16.07,3.19,0.0,12.6,4.98,0.19,12.74,574.06
Pizza Hut,All Meals,Veggie Supreme (Personal),160 g,382.29,48.88,16.7,3.73,0.0,13.33,5.79,0.21,15.84,549.82
Pizza Hut,All Meals,Veggie Tandoori (Personal),136 g,388.81,51.14,13.23,2.22,0.0,14.59,6.22,0.23,16.74,732.5
Pizza Hut,All Meals,Chicken n Corn Delight (Personal),148 g,310.91,38.81,15.82,3.05,0.0,10.37,4.22,0.13,16.31,714.32
Pizza Hut,All Meals,Chicken Pepper Crunch (Personal),150 g,388.89,43.38,18.54,4.82,0.0,15.69,6.53,0.21,17.25,763.64
Pizza Hut,All Meals,Chicken Pepperoni (Personal),137 g,385.35,44.11,14.12,3.89,0.0,16.93,6.63,0.18,23.87,802.98
Pizza Hut,All Meals,Chicken Sausage (Personal),131 g,374.33,41.54,15.29,4.07,0.0,16.34,6.69,0.21,14.13,679.89
Pizza Hut,All Meals,Chicken Supreme (Personal),155 g,1309.75,41.48,20.55,4.09,0.0,15.28,6.06,0.16,27.36,1309.75
Pizza Hut,All Meals,Chicken Tikka Supreme (Personal),163 g,405.84,47.19,20.24,3.52,0.0,15.09,6.1,0.2,22.79,1193.62
Pizza Hut,All Meals,Double Chicken Sausage (Personal),131 g,386.9,41.64,15.41,3.79,3.09,17.63,7.19,0.24,22.28,571.16
Pizza Hut,All Meals,Italian Chicken Feast (Personal),153 g,407.76,47.06,18.83,5.2,0.0,16.02,6.26,0.15,53.53,881.28
Pizza Hut,All Meals,Malai Chicken Tikka (Personal),150 g,385.98,48.24,18.69,3.2,0.0,13.14,5.75,0.21,16.2,1096.14
Pizza Hut,All Meals,Spiced Chicken Meatball (Personal),137 g,354.86,40.58,17.99,5.29,0.0,13.4,5.23,0.15,21.56,699.73
Pizza Hut,All Meals,Triple Chicken Feast (Personal),176 g,462.99,48.22,21.7,4.65,0.0,20.17,8.36,0.21,29.8,1202.8
Pizza Hut,All Meals,Chicken Tikka (Personal),153 g,407.65,48.93,18.15,6.78,0.0,15.48,6.92,0.23,0.23,682.38
Pizza Hut,All Meals,Veggie Tandoori (Medium),168 g,480.3,63.17,16.35,2.74,0.0,18.03,7.68,0.29,20.68,904.85
Pizza Hut,All Meals,Corn n Cheese (Medium),154 g,406.53,54.39,18.48,3.48,0.0,12.78,5.05,0.17,9.47,674.52
Pizza Hut,All Meals,Country Feast (Medium),206 g,481.67,74.63,21.03,7.23,0.0,11.0,4.24,0.12,5.11,915.42
Pizza Hut,All Meals,Double Cheese (Medium),151 g,443.92,60.58,18.77,3.58,0.0,14.06,6.67,0.23,20.75,728.73
Pizza Hut,All Meals,Double Paneer Supreme (Medium),192 g,507.01,55.45,22.44,4.03,0.0,21.72,11.39,0.36,22.39,1171.89
Pizza Hut,All Meals,Farmer`s Pick (Medium),186 g,454.66,58.91,21.72,2.77,0.0,14.62,4.87,0.17,10.1,960.84
Pizza Hut,All Meals,Margherita (Medium),134 g,369.29,51.0,15.79,3.94,0.0,11.35,4.93,0.15,15.41,750.55
Pizza Hut,All Meals,Spiced Paneer (Medium),174 g,446.9,51.35,23.73,7.26,0.0,16.29,7.73,0.26,20.31,713.4
Pizza Hut,All Meals,Tandoori Onion (Medium),147 g,440.04,59.76,16.55,1.85,0.0,14.98,5.53,0.19,11.39,897.76
Pizza Hut,All Meals,Tandoori Paneer (Medium),183 g,586.42,81.98,20.44,7.08,0.0,19.64,9.92,0.38,18.65,1098.57
Pizza Hut,All Meals,Veg Exotica (Medium),183 g,401.67,58.71,16.47,4.32,0.0,11.22,3.81,0.13,14.48,632.1
Pizza Hut,All Meals,Veg Kebab Surprise (Medium),226 g,603.65,71.73,28.02,6.06,0.0,22.74,10.35,0.32,19.3,1414.76
Pizza Hut,All Meals,Veggie Feast (Medium),178 g,450.64,65.22,19.69,4.91,0.0,12.34,4.68,0.14,14.77,998.15
Pizza Hut,All Meals,Veggie Lover (Medium),193 g,486.61,66.33,20.01,3.98,0.0,15.69,6.2,0.23,15.86,714.79
Pizza Hut,All Meals,Veggie Supreme (Medium),198 g,473.08,60.49,20.67,4.61,0.0,16.49,7.17,0.26,19.6,680.41
Pizza Hut,All Meals,Chicken n Corn Delight (Medium),187 g,392.84,49.03,19.99,3.85,0.0,13.11,5.33,0.17,20.61,902.56
Pizza Hut,All Meals,Chicken Pepper Crunch (Medium),190 g,492.59,54.95,23.48,6.1,0.0,19.87,8.27,0.27,21.85,967.27
Pizza Hut,All Meals,Chicken Pepperoni (Medium),166 g,466.92,53.45,17.11,4.71,0.0,20.52,8.03,0.22,28.92,972.96
Pizza Hut,All Meals,Chicken Sausage (Medium),158 g,451.49,50.1,18.44,4.91,0.0,19.7,8.07,0.25,17.05,820.02
Pizza Hut,All Meals,Chicken Supreme (Medium),195 g,485.2,52.18,25.86,5.15,0.0,19.23,7.62,0.2,34.42,1647.75
Pizza Hut,All Meals,Chicken Tikka Supreme (Medium),197 g,490.49,57.03,24.47,4.26,0.0,18.24,7.37,0.24,27.54,1442.59
Pizza Hut,All Meals,Double Chicken Sausage (Medium),158 g,466.64,50.23,18.58,4.57,3.73,21.27,8.67,0.28,26.88,688.88
Pizza Hut,All Meals,Italian Chicken Feast (Medium),182 g,485.05,55.98,22.4,6.19,0.0,19.06,7.44,0.18,63.68,1048.32
Pizza Hut,All Meals,Malai Chicken Tikka (Medium),184 g,473.47,59.17,22.93,3.92,0.0,16.12,7.05,0.26,19.87,1344.6
Pizza Hut,All Meals,Spiced Chicken Meatball (Medium),167 g,432.56,49.47,21.93,6.45,0.0,16.33,6.38,0.18,26.29,852.95
Pizza Hut,All Meals,Triple Chicken Feast (Medium),222 g,583.99,60.83,27.37,5.86,0.0,25.44,10.55,0.27,37.58,1517.17
Pizza Hut,All Meals,Chicken Tikka (Medium),194 g,516.89,62.04,23.01,8.59,0.0,19.63,8.77,0.29,30.81,865.24
Pizza Hut,All Meals,Cheese Maxx (Personal),65.5 g,147.38,4.05,5.17,0.24,0.0,12.27,6.79,0.2,1.51,373.73
Pizza Hut,All Meals,Veg kebab (Personal),73 g,192.02,13.73,5.86,0.71,4.62,12.63,3.58,0.06,3.78,561.88
Pizza Hut,All Meals,Chicken Seekh Kebab (Personal),76.5 g,194.67,7.16,8.03,0.55,4.38,14.88,3.91,0.07,30.25,487.88
Pizza Hut,All Meals,Cheese Maxx (Medium),69 g,149.37,4.04,4.97,0.22,0.0,12.59,6.94,0.2,0.58,367.88
Pizza Hut,All Meals,Veg kebab (Medium),77 g,202.06,14.33,6.12,0.72,4.9,13.36,3.78,0.06,4.01,580.03
Pizza Hut,All Meals,Chicken Seekh Kebab (Medium),81 g,204.75,7.37,8.42,0.55,4.63,15.73,4.13,0.07,32.03,501.32
Pizza Hut,All Meals,Classic Paneer Capsicum & Onion,157 g,443.87,57.4,12.87,10.9,0.0,18.09,4.87,0.09,5.13,1143.26
Pizza Hut,All Meals,Schezwan Meatball & Capsicum,146 g,401.27,50.98,10.44,9.75,0.0,17.29,3.24,0.03,5.5,913.93
Pizza Hut,All Meals,Spicy Baked Chicken Wings,74 g,140.22,6.77,14.12,1.69,0.0,8.7,2.56,0.02,87.93,993.25
Pizza Hut,All Meals,Garlic Bread,55 g,246.73,18.45,3.58,2.14,2.19,17.63,8.96,0.36,22.4,330.22
Pizza Hut,All Meals,Garlic Bread Spicy Supreme,85.5 g,270.17,29.21,5.27,2.7,1.0,14.7,9.99,0.45,9.07,887.49
Pizza Hut,All Meals,Cheesy Comfort (Veg),169 g,332.02,28.68,18.81,3.3,5.21,15.78,6.19,0.24,37.26,692.95
Pizza Hut,All Meals,Cheesy Comfort (Chicken),173.5 g,439.02,29.6,20.35,4.01,0.0,26.58,10.74,0.38,78.27,1050.16
Pizza Hut,All Meals,Indi Rockin Roll - Veg,94.5 g,289.81,28.58,11.81,2.35,6.96,14.25,6.02,0.1,36.05,632.04
Pizza Hut,All Meals,Indi Rockin Roll - Chicken,94.5 g,255.65,27.07,12.32,2.41,5.34,10.9,4.64,0.09,46.48,544.72
Pizza Hut,All Meals,Zesty Pocket (Veg),77.5 g,192.91,22.1,5.7,1.94,2.95,9.08,4.22,0.13,11.4,274.33
Pizza Hut,All Meals,Zesty Pocket (Chicken),78.5 g,157.99,18.01,6.97,1.81,3.19,6.45,1.96,0.04,15.35,327.26
Pizza Hut,All Meals,Baked Momos (Veg),95 g,218.975,17.99,6.1,3.62,3.26,13.62,5.16,0.09,8.29,624.02
Pizza Hut,All Meals,Baked Momos (Chicken),95 g,223.71,15.72,9.94,2.95,2.85,13.45,4.85,0.095,40.46,542.52
Pizza Hut,All Meals,Tear and Share (Veg),146.5 g,424.82,45.21,14.65,3.05,0.0,20.6,6.36,0.16,22.69,841.66
Pizza Hut,All Meals,Tear and Share (Chicken),150 g,442.46,48.92,18.47,3.63,0.0,19.22,5.88,0.14,43.85,838.16
Pizza Hut,All Meals,Choco Vanilla Romance,55 g,90.48,17.93,1.36,0.45,13.48,1.62,1.21,0.01,3.28,40.309
Pizza Hut,All Meals,Ebony & Ivory,92 g,201.84,34.73,1.38,2.15,20.79,6.52,4.79,0.01,3.28,142.35
Pizza Hut,All Meals,Choco Chip Cookie Sundae (Regular),180 g,433.72,68.66,6.39,3.59,44.01,15.12,10.36,0.02,6.56,264.09
Pizza Hut,All Meals,Jamuntini,250 ml,134.0,32.18,0.21,0.14,31.58,0.38,0.04,0.0,0.0,450.09
Pizza Hut,All Meals,Masal Pepsi,250 ml,126.5,30.93,0.21,0.14,30.33,0.38,0.04,0.0,0.0,412.59
Pizza Hut,All Meals,Masala Mirinda,250 ml,156.5,38.18,0.21,0.14,37.58,0.38,0.04,0.0,0.0,420.0
Pizza Hut,All Meals,Pepsi,250 ml,107.5,27.25,0.0,0.0,27.25,0.0,0.0,0.0,0.0,7.5
Pizza Hut,All Meals,7 up,250 ml,115.0,28.5,0.0,0.0,28.5,0.0,0.0,0.0,0.0,45.0
Pizza Hut,All Meals,Mirinda,250 ml,137.5,34.5,0.0,0.0,34.5,0.0,0.0,0.0,0.0,15.0
Pizza Hut,All Meals,Lipton Ice Tea Lemon Flavoured,250 ml,0.0,0.0,0.0,0.0,0.0,0.0,0.0,0.0,0.0,15.0
Pizza Hut,All Meals,Pepsi Black,200 ml,74.0,18.6,0.0,0.0,18.6,0.0,0.0,0.0,0.0,22.0
Burger King,All Meals,Crispy veg,138,426.7,52.0,8.4,8.0,6.2,20.6,7.2,0.0,173.04000000000002,0.7
Burger King,All Meals,BK veggie,137,398.2,52.4,8.6,11.0,4.9,17.2,5.8,0.0,147.92,0.6
Burger King,All Meals,Veg Chilli Cheese,149,422.6,50.6,11.6,10.0,5.1,19.3,8.1,0.0,223.88,1.0
Burger King,All Meals,Paneer king,165,525.8,67.1,14.0,10.0,6.9,22.4,10.4,0.0,313.59999999999997,1.4
Burger King,All Meals,Veg Supreme,147,374.1,49.2,11.5,7.0,6.6,16.5,5.0,0.0,189.75,0.6
Burger King,All Meals,Veg Surprise,159,385.1,51.7,10.3,5.0,10.5,15.3,8.7,0.1,157.59000000000003,1.0
Burger King,All Meals,Veg Whopper,296,749.0,100.6,11.0,12.0,8.3,31.4,16.0,0.0,345.4,1.6
Burger King,All Meals,Masala Whopper Veg,310,753.2,94.7,19.0,8.0,11.8,33.2,13.5,0.0,630.8000000000001,1.7
Burger King,All Meals,BK Grill,118,332.1,36.7,15.3,10.0,3.7,13.8,6.2,0.0,211.14000000000001,0.8
Burger King,All Meals,Chicken Tandoori Grill,187,369.1,35.5,24.1,4.0,9.4,14.6,3.6,0.0,351.86,1.6
Burger King,All Meals,Chicken Chilli Cheese,155,406.1,47.9,16.8,7.0,7.3,16.4,7.6,0.0,275.52,0.9
Burger King,All Meals,Chicken kheema,121,369.1,45.8,12.1,12.0,3.8,15.3,5.7,0.0,185.13,0.6
Burger King,All Meals,Crispy chicken,116,345.2,39.0,12.4,9.0,4.5,15.5,7.1,0.0,192.20000000000002,0.6
Burger King,All Meals,Xtra Long chicken,211,533.5,61.1,23.4,7.0,9.1,21.7,5.6,0.0,507.78,1.5
Burger King,All Meals,Chicken whopper,287,662.0,60.3,33.2,8.0,7.4,38.3,29.8,0.0,1271.56,1.4
Burger King,All Meals,Mutton Whopper,287,624.2,71.0,12.5,7.0,10.8,30.4,24.3,0.0,380.0,1.2
Burger King,All Meals,Fiery chicken (South),226,400.0,61.7,22.9,8.0,7.5,16.2,9.5,0.0,370.97999999999996,1.1
Burger King,All Meals,Fiery Chicken (North & West),226,409.1,61.9,23.1,9.0,6.6,18.1,8.7,0.0,418.11000000000007,1.0
Burger King,All Meals,Masala Whopper Chicken,302,664.9,68.0,33.3,7.0,9.1,28.9,11.5,0.0,962.3699999999999,1.8
Burger King,All Meals,Masala Whopper Mutton,302,631.4,69.3,29.3,6.0,11.3,26.4,15.3,0.0,773.52,1.7
Burger King,All Meals,Chicken fries 5 pcs,65,206.0,19.9,10.9,10.0,2.0,9.2,4.4,0.0,100.28,0.5
Burger King,All Meals,Chicken fries 9 pcs,117,370.7,35.8,19.6,10.0,3.7,16.6,8.0,0.0,325.36000000000007,0.8
Burger King,All Meals,Chicken wings Fried ( 2Pcs),78*,167.5,0.9,17.7,inf,0.0,10.3,4.0,0.0,182.31,0.5
Burger King,All Meals,Chicken wings Fried ( 4Pcs),155*,332.8,1.8,35.2,inf,0.0,20.5,8.0,0.0,721.6,0.9
Burger King,All Meals,Chicken wings Fried ( 8Pcs),310*,665.7,3.6,70.4,inf,0.0,41.1,15.9,0.0,2893.4400000000005,1.8
Burger King,All Meals,Chicken wings Fried ( 15Pcs),570*,1224.0,6.6,129.4,inf,0.0,75.5,29.3,0.0,9769.7,3.3
Burger King,All Meals,Chicken wings Grilled ( 2Pcs),65*,167.5,18.1,13.8,inf,0.0,4.4,1.3,0.0,60.720000000000006,0.5
Burger King,All Meals,Chicken wings Grilled ( 4Pcs),130*,335.0,36.2,27.7,inf,0.0,8.8,2.6,0.0,243.76000000000002,1.1
Burger King,All Meals,Chicken wings Grilled ( 8Pcs),260*,669.9,72.4,55.4,inf,0.0,17.7,5.2,0.0,980.5799999999999,2.2
Burger King,All Meals,Chicken wings Grilled ( 15Pcs),495*,1275.5,137.8,105.4,inf,0.0,33.6,9.9,0.0,3541.4400000000005,4.1
Burger King,All Meals,Fiery Rings 2Pcs,40,137.6,18.0,3.5,16.0,1.1,5.7,2.7,0.0,19.95,0.2
Burger King,All Meals,Fiery Rings 4Pcs,80,275.3,36.0,7.0,16.0,2.2,11.5,5.4,0.0,80.5,0.5
Burger King,All Meals,Veg strips 3 Pcs,52,136.6,16.7,2.7,9.0,1.9,6.5,3.1,0.0,17.55,0.2
Burger King,All Meals,Veg strips 6 Pcs,104,273.2,33.5,6.2,9.0,3.8,5.4,13.1,0.0,33.480000000000004,0.5
Burger King,All Meals,Potato Tots 8 Pcs,70,155.9,21.0,2.6,19.0,1.1,7.1,3.2,0.0,18.46,0.5
Burger King,All Meals,Fries Regular,74,263.9,37.7,4.4,42.0,0.9,10.6,4.9,0.0,46.64,0.2
Burger King,All Meals,Medium Fries,114,406.6,58.1,7.5,42.0,1.4,6.8,16.3,0.0,51.0,0.3
Burger King,All Meals,King fries,150,535.0,76.5,9.9,42.0,1.8,8.9,21.5,0.0,88.11000000000001,0.4
Burger King,All Meals,Cheesy fries,151,460.9,56.2,8.1,9.0,6.4,22.6,8.7,0.0,183.06,0.6
Burger King,All Meals,Cheesy Italian fries,191,530.9,63.0,10.8,6.0,10.0,26.1,26.1,0.0,281.88000000000005,1.1
Burger King,All Meals,Chicken keema Fries,192,541.4,55.9,15.3,9.0,6.2,28.5,10.0,0.0,436.05,0.9
Starbucks,Hot Breakfast,"Sausage, Egg & Cheddar Classic Breakfast Sandwich",170.0,500.0,41.0,15.0,1.0,3.0,28.0,9.0,0.2,165.0,920.0
Starbucks,Hot Breakfast,"Reduced-Fat Turkey-Style Bacon, Cheddar & Egg WhiteBreakfast Sandwich",120.0,230.0,28.0,13.0,2.0,3.0,6.0,2.5,0.1,25.0,540.0
Starbucks,Hot Breakfast,"Bacon, Gouda & Egg on Artisan Roll",116.0,350.0,30.0,17.0,0.0,0.0,18.0,7.0,0.1,165.0,820.0
Starbucks,Hot Breakfast,"Spinach, Feta & Egg White Breakfast Wrap",158.0,290.0,33.0,19.0,6.0,4.0,10.0,3.5,0.2,20.0,830.0
Starbucks,Hot Breakfast,"Roasted Ham, Swiss & Egg on Croissant Bun",159.0,450.0,42.0,19.0,1.0,6.0,23.0,12.0,0.5,220.0,780.0
Starbucks,Hot Breakfast,Egg & Cheddar on English Muffin,110.0,280.0,27.0,12.0,2.0,2.0,13.0,5.0,0.2,160.0,460.0
Starbucks,Hot Breakfast,Double Smoked Bacon,147.0,490.0,40.0,17.0,1.0,7.0,27.0,13.0,0.1,215.0,910.0
Starbucks,Hot Breakfast,Whole Grain Oatmeal,42.0,160.0,28.0,5.0,4.0,0.0,2.5,0.5,0.0,0.0,125.0
Starbucks,Hot Breakfast,Maple Brown Sugar,13.0,50.0,13.0,0.0,0.0,12.0,0.0,0.0,0.0,0.0,3.0
Starbucks,Hot Breakfast,Dried Fruit,30.0,100.0,24.0,1.0,2.0,22.0,0.4,0.0,0.0,0.0,0.0
Starbucks,Hot Breakfast,Nut Medley,15.0,100.0,2.0,2.0,1.0,1.0,10.0,1.0,0.0,0.0,0.0
Starbucks,"Cookies, Brownies & Bars",Cherry Oat Bar,74.0,240.0,36.0,3.0,1.0,22.0,8.0,5.0,0.3,25.0,190.0
Starbucks,"Cookies, Brownies & Bars",Double Chocolate Chunk Brownie,84.0,380.0,41.0,4.0,2.0,28.0,23.0,7.0,0.3,70.0,170.0
Starbucks,"Cookies, Brownies & Bars",Gluten Free Marshmallow Dream Bar,60.0,240.0,45.0,2.0,0.0,23.0,5.0,3.0,0.1,15.0,260.0
Starbucks,"Cookies, Brownies & Bars",Oat Fudge Bar,85.0,360.0,45.0,5.0,3.0,26.0,20.0,11.0,0.1,20.0,230.0
Starbucks,"Cookies, Brownies & Bars",Blueberry Bar,75.0,250.0,35.0,4.0,3.0,4.0,13.0,6.0,0.3,20.0,180.0
Starbucks,"Cookies, Brownies & Bars",Oat Bar,80.0,360.0,43.0,6.0,5.0,12.0,19.0,11.0,1.0,40.0,220.0
Starbucks,"Cookies, Brownies & Bars",Chocolate Chunk Cookie,90.0,380.0,54.0,5.0,2.0,34.0,19.0,12.0,0.3,55.0,250.0
Starbucks,"Cookies, Brownies & Bars",Gluten Free Flourless Chocolate Cookie,45.0,170.0,30.0,2.0,2.0,26.0,5.0,2.5,0.0,0.0,110.0
Starbucks,"Cookies, Brownies & Bars",Fruit & Oat Cookie,90.0,370.0,52.0,6.0,3.0,28.0,15.0,8.0,0.3,60.0,190.0
Starbucks,Hot Breakfast,Multigrain Bagel,113.0,290.0,58.0,14.0,7.0,5.0,3.0,0.0,0.0,0.0,460.0
Starbucks,"Croissants, Danishes & Bagels",Everything with Cheese Bagel,99.0,270.0,54.0,10.0,2.0,5.0,2.0,1.0,0.0,0.0,480.0
Starbucks,"Croissants, Danishes & Bagels",Asiago & Cheddar Pretzel,113.0,360.0,46.0,16.0,2.0,1.0,12.0,7.0,0.0,35.0,1070.0
Starbucks,"Croissants, Danishes & Bagels",Butter Croissant,64.0,270.0,28.0,6.0,1.0,6.0,14.0,9.0,0.0,55.0,320.0
Starbucks,"Croissants, Danishes & Bagels",Chocolate Croissant,73.0,330.0,35.0,6.0,3.0,13.0,17.0,11.0,0.0,50.0,280.0
Starbucks,"Croissants, Danishes & Bagels",Ham & Cheese Savoury Foldover,92.0,250.0,24.0,13.0,1.0,4.0,11.0,6.0,0.3,50.0,480.0
Starbucks,"Croissants, Danishes & Bagels",Pepperoni and Tomato Savoury Foldover,91.0,270.0,27.0,10.0,3.0,6.0,14.0,7.0,0.0,50.0,510.0
Starbucks,"Croissants, Danishes & Bagels",Spinach Savoury Foldover,93.0,250.0,23.0,4.0,3.0,4.0,15.0,8.0,0.0,50.0,380.0
Starbucks,"Croissants, Danishes & Bagels",Morning Bun,110.0,350.0,54.0,7.0,2.0,21.0,15.0,10.0,0.5,40.0,380.0
Starbucks,"Croissants, Danishes & Bagels",Cheese Danish,80.0,300.0,35.0,6.0,1.0,12.0,15.0,10.0,0.0,50.0,390.0
Starbucks,"Loaves, Coffee Cakes & Cake Pops",Baa Loaf,115.0,380.0,52.0,5.0,2.0,29.0,17.0,3.0,0.2,70.0,270.0
Starbucks,"Loaves, Coffee Cakes & Cake Pops",Lemon Loaf,115.0,430.0,57.0,6.0,1.0,30.0,20.0,6.0,0.3,90.0,310.0
Starbucks,"Loaves, Coffee Cakes & Cake Pops",Reduced Fat Cinnamon Swirl Coffee Cake,110.0,370.0,67.0,5.0,2.0,41.0,9.0,4.5,0.3,20.0,280.0
Starbucks,"Loaves, Coffee Cakes & Cake Pops",Birthday Cake Pop,43.0,180.0,24.0,1.0,0.0,18.0,9.0,5.0,0.0,10.0,80.0
Starbucks,"Loaves, Coffee Cakes & Cake Pops",Blueberry Yogurt and Honey Muffin,113.0,380.0,53.0,6.0,1.0,30.0,16.0,4.0,0.0,60.0,260.0
Starbucks,"Loaves, Coffee Cakes & Cake Pops",Blueberry Scone,100.0,360.0,50.0,5.0,2.0,15.0,15.0,9.0,0.4,50.0,420.0
Starbucks,"Loaves, Coffee Cakes & Cake Pops",Cranberry Orange Scone,110.0,420.0,64.0,6.0,1.0,26.0,15.0,9.0,0.5,55.0,430.0
Starbucks,Seasonal Bakery Offerings,Pumpkin Cream Cheese Muffin,113.0,350.0,53.0,5.0,1.0,34.0,14.0,4.0,0.3,55.0,430.0
Starbucks,Seasonal Bakery Offerings,Pumpkin Bread,123.0,410.0,63.0,6.0,2.0,39.0,15.0,2.5,0.2,55.0,500.0
Starbucks,Seasonal Bakery Offerings,Pumpkin Scone,120.0,450.0,64.0,4.0,2.0,41.0,21.0,14.0,0.5,60.0,390.0
Starbucks,Seasonal Bakery Offerings,Apple Poundcake,120.0,360.0,44.0,5.0,2.0,28.0,18.0,10.0,0.5,100.0,110.0
Starbucks,Seasonal Bakery Offerings,Pumpkin Sugar Cookie,68.0,330.0,37.0,4.0,0.0,18.0,19.0,12.0,0.4,30.0,125.0
Starbucks,Seasonal Bakery Offerings,Pecan Tart,75.0,330.0,39.0,4.0,1.0,19.0,18.0,8.0,0.4,75.0,210.0
Starbucks,Fruit & Yogurt,Greek Yogurt & Honey Parfait,165.0,310.0,36.0,13.0,2.0,22.0,12.0,6.0,0.4,30.0,60.0
Starbucks,Fruit & Yogurt,Strawberry Blueberry Yogurt Parfait,202.0,310.0,51.0,10.0,3.0,22.0,5.0,1.0,0.0,10.0,105.0
Starbucks,Fruit & Yogurt,Seasonal Fruit Cup,170.0,80.0,20.0,1.0,3.0,17.0,0.0,0.0,0.0,0.0,15.0
McDonalds,REGULAR MENU,McVeggie™ Burger,168.0,402.05,56.54,10.24,2.0,7.9,13.83,5.34,0.16,2.49,706.13
McDonalds,REGULAR MENU,McAloo Tikki Burger®,146.0,339.52,50.27,8.5,2.0,7.05,11.31,4.27,0.2,1.47,545.34
McDonalds,REGULAR MENU,McSpicy™ Paneer Burger,199.0,652.76,52.33,20.29,3.0,8.35,39.45,17.12,0.18,21.85,1074.58
McDonalds,REGULAR MENU,Spicy Paneer Wrap,250.0,674.68,59.27,20.96,3.0,3.5,39.1,19.73,0.26,40.93,1087.46
McDonalds,REGULAR MENU,American Veg Burger,177.0,512.17,56.96,15.3,3.0,7.85,23.45,10.51,0.17,25.24,1051.24
McDonalds,REGULAR MENU,Veg Maharaja Mac,306.0,832.67,93.84,24.17,3.0,11.52,37.94,16.83,0.28,36.19,1529.22
McDonalds,REGULAR MENU,Green Chilli Aloo Naan,132.0,356.09,46.36,7.91,3.0,4.53,15.08,6.11,0.24,9.45,579.6
McDonalds,REGULAR MENU,Pizza Puff,87.0,228.21,24.79,5.45,3.0,2.73,11.44,5.72,0.09,5.17,390.74
McDonalds,REGULAR MENU,Mc chicken Burger,173.0,400.8,47.98,15.66,2.0,5.53,15.7,5.47,0.16,31.17,766.33
McDonalds,REGULAR MENU,FILLET-O-FISH Burger,136.0,348.11,38.85,15.44,3.0,5.58,14.16,5.79,0.21,32.83,530.54
McDonalds,REGULAR MENU,Mc Spicy Chicken Burger,186.0,451.92,46.08,21.46,2.0,5.88,19.36,7.63,0.18,66.04,928.52
McDonalds,REGULAR MENU,Spicy Chicken Wrap,257.0,567.19,57.06,23.74,2.0,2.52,26.89,12.54,0.27,87.63,1152.38
McDonalds,REGULAR MENU,Chicken Maharaja Mac,296.0,689.12,55.39,34.0,2.0,8.92,36.69,10.33,0.25,81.49,1854.71
McDonalds,REGULAR MENU,American Chicken Burger,165.0,446.95,38.54,20.29,3.0,7.48,22.94,7.28,0.15,47.63,1132.3
McDonalds,REGULAR MENU,Chicken Kebab Burger,138.0,357.05,47.9,8.64,3.0,5.08,14.02,4.84,0.13,1.51,548.79
McDonalds,REGULAR MENU,Green Chilli Kebab naan,138.0,230.95,31.06,5.67,2.0,3.64,9.32,3.27,0.19,8.74,410.78
McDonalds,REGULAR MENU,Mc Egg Masala Burger,126.2,290.42,32.89,12.45,2.0,4.89,12.27,3.64,0.11,213.09,757.91
McDonalds,REGULAR MENU,Mc Egg Burger for Happy Meal,123.0,282.98,31.32,12.29,2.0,4.66,12.21,3.63,0.11,213.09,399.41
McDonalds,REGULAR MENU,Ghee Rice with Mc Spicy Fried Chicken 1 pc,325.0,720.3,77.47,26.91,2.0,3.28,29.2,5.08,0.3,31.32,2399.49
McDonalds,REGULAR MENU,McSpicy Fried Chicken 1 pc,115.0,248.76,12.7,17.33,2.0,0.58,14.29,2.82,0.06,31.11,873.89
McDonalds,REGULAR MENU,4 piece Chicken McNuggets,64.0,169.68,10.5,10.03,3.0,0.32,9.54,4.45,0.06,24.66,313.25
McDonalds,REGULAR MENU,6 piece Chicken McNuggets,96.0,254.52,15.74,15.04,3.0,0.48,14.3,6.68,0.1,36.99,469.87
McDonalds,REGULAR MENU,9 piece Chicken McNuggets,144.0,381.77,23.62,22.56,3.0,0.72,21.46,10.02,0.14,55.48,704.81
McDonalds,REGULAR MENU,2 piece Chicken Strips,58.0,164.44,2.68,10.17,3.0,0.29,12.38,11.41,0.06,30.1,477.22
McDonalds,REGULAR MENU,3 piece Chicken Strips,87.0,246.65,4.02,15.26,3.0,0.44,18.57,17.12,0.09,45.15,715.83
McDonalds,REGULAR MENU,5 piece Chicken Strips,145.0,411.09,0.73,25.43,3.0,0.72,28.54,0.15,75.26,6.7,1193.05
McDonalds,REGULAR MENU,Regular Fries,77.0,224.59,27.08,3.38,3.0,0.39,10.39,4.97,0.08,0.77,153.15
McDonalds,REGULAR MENU,Medium Fries,109.0,317.92,38.34,4.79,3.0,0.55,14.7,7.04,0.11,1.09,216.79
McDonalds,REGULAR MENU,Large Fries,154.0,449.17,54.16,6.76,3.0,0.77,20.77,9.95,0.15,1.54,306.29
McDonalds,REGULAR MENU,Regular Wedges,114.0,204.65,28.74,3.97,2.0,0.48,7.15,3.39,0.1,0.97,356.44
McDonalds,REGULAR MENU,Medium Wedges,156.0,280.05,39.33,5.44,2.0,0.66,9.79,4.64,0.13,1.33,487.76
McDonalds,REGULAR MENU,Large Wedges,216.0,387.76,54.46,7.53,2.0,0.92,13.55,6.43,0.18,1.84,675.35
McDonalds,REGULAR MENU,L1 Coffee,200.0,6.8,1.7,0.0,0.0,0.0,0.0,0.0,0.0,0.0,0.0
McDonalds,REGULAR MENU,L1 Coffee with milk,205.0,35.8,1.6,1.0,0.0,3.45,2.0,1.2,0.08,6.0,14.0
McDonalds,REGULAR MENU,Double Chocochips Muffin,80.0,341.68,40.13,5.13,4.0,29.44,17.28,7.14,0.08,15.96,313.21
McDonalds,REGULAR MENU,Vanilla Chocochips Muffin,80.0,329.29,40.13,4.48,4.0,29.6,15.46,7.14,0.08,78.52,254.92
McDonalds,BREAKFAST MENU,Veg McMuffin,119.0,309.35,38.86,10.22,3.0,3.02,11.78,7.29,0.18,25.31,804.63
McDonalds,BREAKFAST MENU,Double Cheese McMuffin,100.0,273.78,29.0,9.58,3.0,2.59,12.82,8.84,0.21,37.75,622.95
McDonalds,BREAKFAST MENU,Spicy Egg McMuffin,123.2,278.27,31.37,11.49,2.0,2.63,11.81,3.43,0.11,212.61,773.6
McDonalds,BREAKFAST MENU,Sausage Mc Muffin,112.0,281.44,28.62,16.25,3.0,2.38,10.81,6.04,0.17,53.02,742.6
McDonalds,BREAKFAST MENU,Sausage Mc Muffin with egg,157.0,290.42,28.87,22.46,2.0,2.61,15.94,8.08,0.22,264.8,804.04
McDonalds,BREAKFAST MENU,Egg McMuffin,112.0,283.46,28.12,14.05,3.0,2.38,12.31,6.92,0.17,233.3,519.31
McDonalds,BREAKFAST MENU,Hot Cake with maple syrup,142.0,432.98,68.01,8.6,3.0,25.72,14.02,7.11,0.32,28.14,615.74
McDonalds,BREAKFAST MENU,Hash Brown,64.0,140.29,15.63,1.93,2.0,0.32,7.32,3.42,0.06,0.64,275.26
McDonalds,McCAFE MENU,Espresso,26.5,12.87,2.55,0.52,0.0,0.13,0.03,0.03,0.03,0.27,0.32
McDonalds,McCAFE MENU,Espresso Machiato,76.5,44.98,4.97,2.09,1.0,2.5,2.02,1.49,0.08,6.27,26.05
McDonalds,McCAFE MENU,Americano (S),276.5,12.87,2.55,0.52,0.0,0.13,0.03,0.03,0.03,0.27,0.32
McDonalds,McCAFE MENU,Americano (R),347.5,23.07,4.57,0.94,0.0,0.24,0.05,0.05,0.05,0.48,0.57
McDonalds,McCAFE MENU,Americano (L),455.0,26.71,5.3,1.09,0.0,0.28,0.06,0.06,0.06,0.55,0.65
McDonalds,McCAFE MENU,Cappuccino (S),201.5,125.25,11.02,6.02,1.0,8.4,7.01,5.15,0.2,21.27,90.39
McDonalds,McCAFE MENU,Cappuccino (R),297.5,183.61,16.67,8.79,1.0,12.05,10.02,7.37,0.3,30.48,129.24
McDonalds,McCAFE MENU,Cappuccino (L),355.0,219.36,19.81,10.51,1.0,14.45,12.03,8.85,0.36,36.55,155.06
McDonalds,McCAFE MENU,Latte (S),236.5,147.72,12.71,7.12,1.0,10.06,8.41,6.18,0.24,25.47,108.4
McDonalds,McCAFE MENU,Latte (R),307.5,190.03,17.15,9.1,1.0,12.52,10.42,7.67,0.31,31.68,134.39
McDonalds,McCAFE MENU,Latte (L),375.0,232.2,20.77,11.14,1.0,15.4,12.82,9.43,0.38,38.95,165.36
McDonalds,McCAFE MENU,Flat White (S),266.5,166.99,14.16,8.06,1.0,11.47,9.6,7.06,0.27,29.07,123.84
McDonalds,McCAFE MENU,Flat White (R),347.5,215.72,19.08,10.36,1.0,14.41,12.02,8.84,0.35,36.48,154.98
McDonalds,McCAFE MENU,Flat White (L),405.0,251.47,22.22,12.08,1.0,16.81,14.02,10.31,0.41,42.55,180.8
McDonalds,McCAFE MENU,Mocha (S),242.5,185.85,22.59,7.15,1.0,17.57,8.2,5.94,0.26,24.43,132.84
McDonalds,McCAFE MENU,Mocha (R),311.5,244.0,31.72,8.99,1.0,23.56,9.91,7.17,0.34,29.52,168.47
McDonalds,McCAFE MENU,Mocha (L),377.0,302.02,40.04,10.88,1.0,29.96,12.01,8.67,0.41,35.67,209.09
McDonalds,McCAFE MENU,Babycino,127.0,143.5,22.85,3.87,1.0,18.53,4.38,3.08,0.15,12.27,96.44
McDonalds,McCAFE MENU,Hot Chocolate (S),223.0,239.42,37.08,6.73,1.0,30.31,7.77,5.49,0.26,22.03,167.21
McDonalds,McCAFE MENU,Hot Chocolate (R),259.0,296.81,48.41,7.7,1.0,39.24,8.76,6.13,0.32,24.59,207.09
McDonalds,McCAFE MENU,Hot Chocolate (L),367.0,383.29,58.43,11.01,1.0,47.96,12.84,9.09,0.43,36.67,273.35
McDonalds,McCAFE MENU,Premium Dark Hot Chocolate,153.0,214.21,33.04,6.15,1.0,25.73,5.96,4.27,0.15,14.73,68.28
McDonalds,McCAFE MENU,Double Dark Hot Chocolate,163.0,255.78,41.29,6.87,2.0,31.81,6.32,4.49,0.16,14.83,70.26
McDonalds,McCAFE MENU,English Breakfast (S),279.0,9.93,0.28,0.56,0.0,1.4,0.28,0.28,0.28,2.79,13.84
McDonalds,McCAFE MENU,English Breakfast (R),330.0,11.75,0.33,0.66,0.0,1.65,0.33,0.33,0.33,3.3,16.37
McDonalds,McCAFE MENU,English Breakfast (L),456.0,16.23,0.46,0.91,0.0,2.28,0.46,0.46,0.46,4.56,22.62
McDonalds,McCAFE MENU,Moroccon Mint Green Tea (S),279.0,6.25,2.79,0.33,0.0,1.4,0.28,0.28,0.28,2.79,14.95
McDonalds,McCAFE MENU,Moroccon Mint Green Tea (R),330.0,7.39,3.3,0.4,0.0,1.65,0.33,0.33,0.33,3.3,17.69
McDonalds,McCAFE MENU,Moroccon Mint Green Tea (L),456.0,10.21,4.56,0.55,0.0,2.28,0.46,0.46,0.46,4.56,24.44
McDonalds,McCAFE MENU,Strawberry Green Tea (S),279.0,7.03,2.79,0.47,0.0,1.4,0.28,0.28,0.28,2.79,14.54
McDonalds,McCAFE MENU,Strawberry Green Tea (R),330.0,8.32,3.3,0.56,0.0,1.65,0.33,0.33,0.33,3.3,17.19
McDonalds,McCAFE MENU,Strawberry Green Tea (L),456.0,11.49,4.56,0.78,0.0,2.28,0.46,0.46,0.46,4.56,23.76
McDonalds,McCAFE MENU,Lemon Ice Tea,245.0,121.86,30.59,0.27,0.0,26.53,0.17,0.17,0.17,1.65,10.26
McDonalds,McCAFE MENU,Strawberry Ice Tea,236.5,94.95,24.17,0.24,0.0,21.1,0.16,0.16,0.16,1.57,9.72
McDonalds,McCAFE MENU,Green Apple Ice Tea,236.5,94.94,24.17,0.24,0.0,20.75,0.16,0.16,0.16,1.57,9.61
McDonalds,McCAFE MENU,Iced Coffee,291.5,185.34,31.88,4.36,1.0,26.95,4.45,3.26,0.15,12.13,78.35
McDonalds,McCAFE MENU,Cold Coffee Frappe,296.5,331.17,45.39,4.98,1.0,35.57,14.73,13.91,0.16,9.18,188.93
McDonalds,McCAFE MENU,Mocha Frappe,320.5,397.98,60.93,5.49,1.0,47.55,15.01,14.0,0.2,9.42,233.32
McDonalds,McCAFE MENU,Chocolate Oreo Frappe,334.0,481.11,72.51,6.03,1.0,55.14,18.89,15.91,0.22,9.36,332.6
McDonalds,McCAFE MENU,Strawberry Shake,259.0,255.51,44.07,3.67,1.0,37.42,7.44,6.68,0.12,8.39,139.97
McDonalds,McCAFE MENU,Chocolate Shake,259.0,270.9,46.76,4.16,1.0,37.78,7.7,6.74,0.14,8.39,178.46
McDonalds,McCAFE MENU,Mango Smoothie,280.0,231.44,46.25,3.21,1.0,38.87,3.63,2.65,0.14,9.89,85.45
McDonalds,McCAFE MENU,Mixed Berry Smoothie,290.0,235.43,47.16,3.33,1.0,43.0,3.59,2.64,0.15,9.99,92.07
McDonalds,McCAFE MENU,Raw Mango Cooler,310.0,102.38,25.18,0.14,0.0,21.06,0.04,0.04,0.04,0.4,102.68
McDonalds,McCAFE MENU,Mix Berry Cooler,310.0,103.85,25.56,0.16,0.0,21.25,0.04,0.04,0.04,0.4,23.82
McDonalds,McCAFE MENU,Sweet Lime Beverage,310.0,128.21,31.72,0.07,0.0,28.72,0.08,0.0,0.0,0.0,66.2
McDonalds,McCAFE MENU,Iced Americano,266.5,150.85,26.01,3.59,1.0,21.58,3.57,2.62,0.13,9.76,62.75
McDonalds,McCAFE MENU,American Mud Pie Shake,317.0,398.19,64.75,5.67,1.0,53.4,12.77,11.38,0.2,10.89,185.73
McDonalds,McCAFE MENU,Soft serve cone,81.29,85.73,15.23,1.99,1.0,10.68,1.82,1.31,0.05,4.75,40.78
McDonalds,McCAFE MENU,McSwirl ChocoDip,93.29,160.14,20.92,2.71,2.0,15.39,7.14,5.25,0.07,5.71,51.31
McDonalds,McCAFE MENU,Regular Soft Serve: Hot Fudge,91.79,121.64,19.11,2.25,1.0,17.07,4.02,3.01,0.08,5.85,65.56
McDonalds,McCAFE MENU,Medium Soft Serve: Hot Fudge,132.08,197.45,30.42,3.49,1.0,27.01,6.87,5.16,0.13,8.55,110.39
McDonalds,McCAFE MENU,Regular Soft Serve: Strawberry,91.79,100.99,19.78,1.54,1.0,17.66,1.77,1.3,0.06,4.85,34.51
McDonalds,McCAFE MENU,Medium Soft Serve: Strawberry,132.08,156.14,31.77,2.05,1.0,28.2,2.36,1.74,0.1,6.55,48.28
McDonalds,McCAFE MENU,Regular Soft Serve: Brownie with Hot Fudge,110.79,205.26,35.26,3.2,2.0,20.75,5.45,3.65,0.1,6.04,100.89
McDonalds,McCAFE MENU,Medium Soft Serve: Brownie with Hot Fudge,155.08,311.39,55.24,4.65,2.0,27.94,7.46,4.71,0.13,7.78,146.4
McDonalds,McCAFE MENU,Regular Blackforest,125.79,237.89,43.42,3.22,2.0,27.79,5.47,3.66,0.11,6.19,104.47
McDonalds,McCAFE MENU,Medium Blackforest,200.08,429.95,79.04,5.42,2.0,48.45,9.76,6.47,0.19,9.23,188.2
McDonalds,McCAFE MENU,Small McFlurry - Oreo,86.79,116.36,18.69,2.05,1.0,14.49,3.7,2.25,0.07,4.8,80.73
McDonalds,McCAFE MENU,Regular McFlurry - Oreo,147.38,209.39,33.42,3.58,1.0,25.35,6.81,4.07,0.12,8.0,150.9
McDonalds,DESSERTS MENU,American Triple Cheese Chicken,195.0,457.94,37.45,24.43,2.0,7.64,22.65,11.56,0.17,71.23,1396.17
McDonalds,DESSERTS MENU,American Triple Cheese Veg,207.0,524.69,56.24,19.54,3.0,7.9,23.16,14.78,0.19,48.74,1174.27
McDonalds,DESSERTS MENU,Cheese Lava Burger,240.0,671.06,74.25,14.99,3.0,16.27,33.48,14.12,0.21,33.21,1153.99
McDonalds,DESSERTS MENU,Chicken Cheese Lava Burger,307.0,834.36,76.03,27.37,3.0,16.75,45.18,17.0,0.27,73.11,1745.04
McDonalds,DESSERTS MENU,Chunky Chipotle American Burger Chicken,301.0,641.36,46.24,39.47,2.0,9.16,31.51,9.54,0.26,110.37,1906.27
McDonalds,DESSERTS MENU,McSpicy Premium Chicken Burger,264.5,622.25,43.6,31.49,2.0,6.07,34.65,15.55,0.24,302.61,1614.88
McDonalds,DESSERTS MENU,McSpicy Premium Veg Burger,212.5,634.71,46.0,22.44,3.0,7.57,39.21,20.46,0.2,43.68,1446.87
McDonalds,DESSERTS MENU,Piri piri Mc Spicy Veg Burger,211.0,517.98,58.87,11.97,2.0,12.87,24.53,6.01,0.18,8.1,1170.89
McDonalds,DESSERTS MENU,Cheesy Veg Nuggets (6pc),90.0,252.29,23.6,8.48,3.0,1.31,13.09,7.53,0.09,20.03,428.17
McDonalds,DESSERTS MENU,Cheesy Veg Nuggets (9pc),135.0,378.43,35.4,12.72,3.0,1.96,19.63,11.3,0.14,30.05,642.25
McDonalds,GOURMET MENU,Small Coca-Cola,299.0,109.56,27.39,0.0,0.0,27.39,0.0,0.0,0.0,0.0,21.17
McDonalds,GOURMET MENU,Medium Coca-Cola,394.0,151.36,37.84,0.0,0.0,37.84,0.0,0.0,0.0,0.0,29.24
McDonalds,GOURMET MENU,Large Coca-Cola,544.0,217.36,54.34,0.0,0.0,54.34,0.0,0.0,0.0,0.0,41.99
McDonalds,GOURMET MENU,Small Fanta Oragne,299.0,129.48,32.37,0.0,0.0,32.37,0.0,0.0,0.0,0.0,55.53
McDonalds,GOURMET MENU,Medium Fanta Orange,394.0,178.88,44.72,0.0,0.0,44.72,0.0,0.0,0.0,0.0,76.71
McDonalds,GOURMET MENU,Large Fanta Oragne,544.0,256.88,64.22,0.0,0.0,64.22,0.0,0.0,0.0,0.0,110.16
McDonalds,GOURMET MENU,Small Thums-up,299.0,99.6,24.9,0.0,0.0,24.9,0.0,0.0,0.0,0.0,25.15
McDonalds,GOURMET MENU,Medium Thums-up,394.0,137.6,34.4,0.0,0.0,34.4,0.0,0.0,0.0,0.0,34.74
McDonalds,GOURMET MENU,Large Thums-up,544.0,197.6,49.4,0.0,0.0,49.4,0.0,0.0,0.0,0.0,49.89
McDonalds,GOURMET MENU,Small Sprite,299.0,119.52,29.88,0.0,0.0,29.88,0.0,0.0,0.0,0.0,2.02
McDonalds,GOURMET MENU,Medium Sprite,394.0,165.12,41.28,0.0,0.0,41.28,0.0,0.0,0.0,0.0,2.79
McDonalds,GOURMET MENU,Large Sprite,544.0,237.12,59.28,0.0,0.0,59.28,0.0,0.0,0.0,0.0,4.0
McDonalds,GOURMET MENU,Coke Float,286.79,138.76,29.22,1.52,0.0,28.23,1.75,1.28,0.05,4.7,44.53
McDonalds,GOURMET MENU,Fanta Float,286.79,151.56,32.42,1.52,1.0,31.43,1.75,1.28,0.05,4.7,66.61
McDonalds,GOURMET MENU,Sprite Float,286.79,145.16,30.82,1.52,1.0,29.83,1.75,1.28,0.05,4.7,47.09
McDonalds,GOURMET MENU,Coke Zero Can,330.0,0.99,0.0,0.0,0.0,0.0,0.0,0.0,0.0,0.0,24.75
McDonalds,GOURMET MENU,Vedica Natural Mineral Water,500.0,0.0,0.0,0.0,0.0,0.0,0.0,0.0,0.0,0.0,2.9
McDonalds,CONDIMENTS MENU,Mustard diping sauce,25.0,81.18,7.24,0.52,3.0,6.66,5.57,1.78,0.47,0.29,221.32
McDonalds,CONDIMENTS MENU,BBQ diping sauce,25.0,54.89,12.36,0.26,2.0,7.65,0.49,0.15,0.04,0.25,113.23
McDonalds,CONDIMENTS MENU,Chilli Sauce,10.0,8.07,1.99,0.03,1.0,1.53,0.01,0.01,0.01,0.1,65.24
McDonalds,CONDIMENTS MENU,Piri Piri Mix,5.0,17.13,2.5,0.51,3.0,0.66,0.36,0.08,0.01,0.05,414.71
McDonalds,CONDIMENTS MENU,Tomato Ketchup Sachets,8.0,11.23,2.63,0.08,1.0,2.33,23.45,0.0,0.01,0.08,71.05
McDonalds,CONDIMENTS MENU,Maple Syrup,30.0,86.4,21.6,0.0,3.0,16.2,0.0,0.0,0.0,0.3,15.0
McDonalds,CONDIMENTS MENU,Cheese Slice,14.0,51.03,0.72,3.06,4.0,0.54,3.99,2.89,0.01,13.43,178.95
McDonalds,CONDIMENTS MENU,Sweet Corn,40.0,45.08,7.55,1.47,1.0,2.54,1.0,0.22,0.04,2.0,0.04
McDonalds,CONDIMENTS MENU,Mixed Fruit Beverage,180.0,72.25,18.0,0.65,0.0,16.83,0.02,0.02,0.02,0.01,10.8
KFC,All Meals,Hot Wings 2 pc,75.0,267.1,17.1,12.1,9.0,0.0,16.7,6.6,0.04,23.0,0.3
KFC,All Meals,Veg Strips 4pc,105.0,280.5,32.4,7.0,7.0,1.98,13.6,6.3,0.02,17.0,0.6
KFC,All Meals,Hot Wings 4 Pc,155.0,534.3,34.2,24.2,18.0,0.0,33.4,13.3,0.08,46.0,0.7
KFC,All Meals,Popcorn Reg,80.0,272.0,18.0,15.0,8.0,0.0,15.6,6.8,0.02,20.0,0.6
KFC,All Meals,Popcorn Med,110.0,374.0,24.7,20.6,11.0,0.0,21.4,9.4,0.03,28.0,0.8
KFC,All Meals,Popcorn Lrg,170.0,578.0,38.2,31.8,18.0,0.0,33.1,14.5,0.05,44.0,1.2
KFC,All Meals,Boneless Strips 3pc,138.0,358.6,20.7,27.0,10.0,0.0,18.6,8.2,0.03,24.0,0.5
KFC,All Meals,Boneless Strips 6pc,276.0,717.2,41.3,54.1,20.0,0.0,37.3,16.3,0.06,49.0,0.9
KFC,All Meals,Veg Biryani,305.0,512.4,74.5,9.7,12.0,0.0,19.3,7.7,0.0,30.0,1.2
KFC,All Meals,Classic chicken biryani,341.0,586.5,56.4,28.4,14.0,0.0,27.4,10.3,0.0,34.0,1.0
KFC,All Meals,Popcorn Chicken,330.0,587.4,69.7,23.4,11.0,0.0,24.4,10.0,0.0,28.0,1.3
KFC,All Meals,"Smoky Chicken
Biryani",341.0,509.5,64.0,22.4,8.0,0.0,18.4,6.5,0.0,20.0,1.4
KFC,All Meals,Veg Zinger Burger,232.0,623.0,83.4,14.5,11.0,14.13,25.7,9.5,0.02,28.0,0.4
KFC,All Meals,"Chicken
Zinger Burger",225.0,563.1,57.1,26.6,11.0,11.51,26.6,8.2,0.04,28.0,0.3
KFC,All Meals,Spicy Zinger,212.0,433.2,46.2,26.6,11.0,7.21,15.6,8.2,0.04,28.0,1.1
KFC,All Meals,Classic Veg Crisper,147.0,342.2,54.6,8.9,12.0,6.32,27.6,9.5,0.03,30.0,0.4
KFC,All Meals,Spicy Veg Crisper,147.0,367.5,59.0,9.2,9.0,8.1,18.9,7.0,0.03,22.0,0.5
KFC,All Meals,Classic Non Veg Crisper,167.0,450.6,52.2,18.7,8.0,0.0,18.6,5.5,0.02,19.0,0.5
KFC,All Meals,Spicy Non Veg Crisper,167.0,393.7,56.8,20.7,5.0,3.72,9.3,4.0,0.02,12.0,0.5
KFC,All Meals,Tandoori Zinger Burger,230.0,999.9,68.5,27.4,13.0,0.0,32.3,9.2,0.02,33.0,0.4
KFC,All Meals,"Mixed Zinger Doubles( 1 ch Zinger+1 Tandoori
Zinger)",462.0,1562.9,62.8,54.0,12.0,5.75,29.5,8.7,0.03,31.0,0.4
KFC,All Meals,2 Classic veg Crispers,294.0,684.4,54.6,17.7,12.0,6.32,27.6,9.5,0.03,30.0,0.4
KFC,All Meals,2 Classic Chicken Crisper,334.0,787.4,56.8,41.3,5.0,3.72,9.3,4.0,0.02,12.0,0.5
KFC,All Meals,Double Down burger,225.0,588.7,33.8,37.6,16.0,2.79,33.7,12.2,0.07,40.0,1.0
KFC,All Meals,1 pc,91.0,264.7,12.9,15.9,9.0,0.0,16.6,6.6,0.04,23.0,0.2
KFC,All Meals,2 pc,182.0,529.4,25.8,31.9,19.0,0.0,33.2,13.1,0.07,47.0,0.4
KFC,All Meals,4 pc,364.0,1058.8,25.8,63.7,19.0,0.0,33.2,13.1,0.07,47.0,0.4
KFC,All Meals,6 Pc,546.0,1588.2,38.8,95.6,28.0,0.0,49.8,19.7,0.11,70.0,0.7
KFC,All Meals,8 pc Bucket,728.0,2117.5,34.5,127.4,25.0,0.0,44.2,17.5,0.1,62.0,0.6
KFC,All Meals,5 Pc Fried Leg,500.0,1440.0,42.6,89.3,22.0,0.0,41.3,16.5,0.08,56.0,0.5
KFC,All Meals,10 Pc Fried Leg,1000.0,2880.0,85.1,178.6,45.0,0.0,82.6,33.0,0.2,112.0,1.1
KFC,All Meals,1 pc,92.0,174.9,8.0,21.3,4.0,0.0,6.4,1.8,0.02,9.0,0.2
KFC,All Meals,2 pc,184.0,349.7,16.1,42.6,7.0,0.0,12.8,3.6,0.04,18.0,0.5
KFC,All Meals,4 pc,368.0,699.4,32.1,85.3,14.0,0.0,25.5,7.3,0.07,36.0,1.0
KFC,All Meals,5 PC,460.0,874.3,20.1,106.6,9.0,0.0,16.0,4.6,0.05,22.0,0.6
KFC,All Meals,6 Pc,552.0,1049.1,24.1,127.9,11.0,0.0,19.2,5.5,0.06,27.0,0.7
KFC,All Meals,8 pc Bucket,736.0,1398.8,21.4,170.5,10.0,0.0,17.0,4.9,0.05,24.0,0.6
KFC,All Meals,"Chick & Share Bucket: Xtra
Large Popcorn",340.0,1156.0,38.2,63.6,18.0,0.0,33.1,14.5,0.05,44.0,1.2
KFC,All Meals,"Chick & Share Bucket: 5 pc
Hot & Crispy",455.0,1323.5,32.3,79.6,23.0,0.0,41.5,16.4,0.09,58.0,0.5
KFC,All Meals,Chick & Share Bucket: 10 pc Strips,460.0,1195.4,34.5,90.1,16.0,0.0,31.1,13.6,0.05,41.0,0.8
KFC,All Meals,"Dips Bucket (12 Pc + 4
Dips)",712.0,1434.5,27.6,108.1,13.0,10.53,24.9,10.9,0.03,33.0,0.6
KFC,All Meals,Mingles Bucket,327.0,1269.4,46.8,62.3,19.0,0.0,35.9,15.2,0.05,48.0,0.9
KFC,All Meals,"Friendship Bucket DI/TA(3pc HC+3pc HW+3pc Strips +Med
Popcorn)",451.5,1022.6,24.4,34.9,6.0,1.16,21.9,4.5,0.07,15.0,0.5
KFC,All Meals,Big Eight ( 4pc smoky+ 4pc HC),732.0,1758.2,27.9,149.0,17.0,0.0,30.6,11.2,0.07,43.0,0.6
KFC,All Meals,"Friendship Bucket DL(3pc HC+3pc HW+3pc Strips + Large
Popcorn)",693.5,2131.4,41.1,124.8,23.0,0.0,42.2,17.5,0.07,58.0,0.9
KFC,All Meals,"12 for 350
(12 BS + 4
dips) on Wednesdays",712.0,1434.5,27.6,108.1,13.0,0.0,24.9,10.9,0.0,33.0,0.6
KFC,All Meals,"10 for 550
(10 pc HC)
on Wednesdays",910.0,2382.2,38.8,143.3,28.0,0.0,49.8,19.7,0.11,70.0,0.7
KFC,All Meals,"Triple Treat (4 HC + 4
Smoky + 6 Boneless
Strips)",1008.0,2475.4,41.7,203.0,24.0,0.0,43.1,16.6,0.07,59.0,0.9
KFC,All Meals,"Super Sixes (4 HC, 6 HW,
8 Strips)",962.0,2816.5,39.5,172.1,23.0,0.0,41.5,17.0,0.08,57.0,0.8
KFC,All Meals,"7up Krush
Lime",210.0,81.9,4.1,20.4,0.0,34.1,0.0,0.0,0.0,0.0,0.1
KFC,All Meals,"Sparkling
Vanilla Blue)",310.0,120.9,6.0,30.1,0.0,34.0,0.0,0.0,0.0,0.0,0.0
KFC,All Meals,"(Virgin
Mojito/",310.0,120.4,6.0,30.1,0.0,22.32,0.0,0.0,0.0,0.0,0.0
KFC,All Meals,Regular Fries,75.0,224.1,27.5,5.0,5.0,0.0,10.4,4.9,0.02,13.0,0.2
KFC,All Meals,Medium Fries,100.0,298.8,36.7,6.7,7.0,0.0,13.9,6.5,0.02,18.0,0.2
KFC,All Meals,Large Fries,135.0,403.3,49.6,9.1,10.0,0.0,18.8,8.7,0.03,24.0,0.2
KFC,All Meals,"Pepsi
Regular",330.0,141.9,36.0,0.0,0.0,35.97,0.0,0.0,0.0,0.0,0.0
KFC,All Meals,"Mirinda
Regular",330.0,181.5,45.5,0.0,0.0,45.54,0.0,0.0,0.0,0.0,0.0
KFC,All Meals,"7 Up
Regular",330.0,155.1,38.6,0.0,0.0,38.61,0.0,0.0,0.0,0.0,0.0
KFC,All Meals,"Dew
Regular",330.0,161.7,40.6,0.0,0.0,40.59,0.0,0.0,0.0,0.0,0.0
KFC,All Meals,"Dynamite
Spicy Mayo",20.0,77.4,3.4,0.2,2.0,1.6,7.0,1.2,0.0,5.0,0.1
KFC,All Meals,"Creamy Veg
Mayo",20.0,73.9,2.5,0.2,2.0,1.28,7.0,1.1,0.0,5.0,0.2
KFC,All Meals,Tandoori Masala Mayo,20.0,73.8,3.5,0.3,2.0,1.42,6.5,1.2,0.0,5.0,0.2
KFC,All Meals,"Zesty thousand
Island Dip",20.0,72.3,3.6,0.3,2.0,2.5,6.3,1.2,0.0,5.0,0.2
KFC,All Meals,"Nashvillle
Dip",20.0,30.2,7.1,0.1,2.0,1.4,0.2,1.0,0.0,5.0,0.2
KFC,All Meals,"Nashville Sauce Bottle
-225 g",225.0,150.8,7.1,1.1,2.0,1.4,0.2,1.0,0.0,5.0,0.2
KFC,All Meals,"Dynamite Spicy Mayo bottle -200
g",200.0,774.0,3.4,2.0,2.0,1.6,7.0,1.2,0.0,5.0,0.1
KFC,All Meals,Pepsi,300.0,129.0,21.8,0.0,0.0,21.8,0.0,0.0,0.0,0.0,0.0
KFC,All Meals,7Up,300.0,138.0,23.4,0.0,0.0,23.4,0.0,0.0,0.0,0.0,0.0
KFC,All Meals,Mirinda,300.0,165.0,27.6,0.0,0.0,27.6,0.0,0.0,0.0,0.0,0.0
KFC,All Meals,Pepsi Pet,500.0,215.0,36.3,0.0,0.0,36.3,0.0,0.0,0.0,0.0,0.0
KFC,All Meals,Pepsi Black,300.0,0.0,0.0,0.0,0.0,0.0,0.0,0.0,0.0,0.0,0.0
KFC,All Meals,Red Bull,250.0,112.5,22.0,0.0,0.0,22.0,0.0,0.0,0.0,0.0,0.0
Dominos,All Meals,MARGHERITA REGULAR,52.0,138.5,20.5,6.8,2.28,2.7,3.2,1.9,0.08,65.60000000000001,
Dominos,All Meals,MARGHERITA MEDIUM,69.0,184.3,21.3,9.1,3.0,3.6,4.3,2.5,0.1,91.59,
Dominos,All Meals,MARGHERITA LARGE,96.0,256.4,38.0,12.1,4.2,5.0,6.0,3.5,0.14,228.0,
Dominos,All Meals,DOUBLE CHEESE MARGHERITA REGULAR,56.0,145.5,22.6,6.5,2.4,3.0,3.2,2.0,0.08,72.32000000000001,
Dominos,All Meals,DOUBLE CHEESE MARGHERITA MEDIUM,64.0,166.7,25.9,1.5,2.76,3.4,3.1,2.3,0.09,80.28999999999999,
Dominos,All Meals,DOUBLE CHEESE MARGHERITA LARGE,108.0,279.3,43.4,12.5,4.68,5.7,6.2,3.9,0.16,269.08,
Dominos,All Meals,COUNTRY SPECIAL REGULAR,70.0,153.2,24.0,6.8,2.28,3.3,3.3,1.9,0.08,79.19999999999999,
Dominos,All Meals,COUNTRY SPECIAL MEDIUM,80.0,175.5,21.5,7.8,2.64,3.8,3.8,2.2,0.09,81.7,
Dominos,All Meals,COUNTRY SPECIAL LARGE,123.0,268.1,42.1,11.9,4.08,5.8,5.8,3.4,0.14,244.18,
Dominos,All Meals,FARM HOUSE REGULAR,70.0,156.5,24.9,6.7,2.52,2.8,3.4,2.1,0.08,84.66,
Dominos,All Meals,FARM HOUSE MEDIUM,83.0,184.6,29.3,1.9,3.0,3.4,4.0,2.5,0.1,117.2,
Dominos,All Meals,FARM HOUSE LARGE,114.0,253.5,40.3,10.8,4.08,4.6,5.5,3.4,0.14,221.64999999999998,
Dominos,All Meals,MEXICAN GREEN WAVE REGULAR,65.0,144.5,23.1,6.1,2.52,3.0,3.0,2.1,0.08,69.30000000000001,
Dominos,All Meals,MEXICAN GREEN WAVE MEDIUM,82.0,181.9,29.1,7.7,3.12,3.8,3.8,2.6,0.1,110.58,
Dominos,All Meals,MEXICAN GREEN WAVE LARGE,114.0,253.4,40.6,10.8,4.32,5.3,5.3,3.6,0.14,215.18,
Dominos,All Meals,SPICY TRIPLE TANGO REGULAR,68.8,160.1,25.2,1.4,2.28,3.1,3.3,1.9,0.08,83.16,
Dominos,All Meals,SPICY TRIPLE TANGO MEDIUM,75.0,175.1,21.6,8.1,2.4,3.4,3.6,2.0,0.08,77.76,
Dominos,All Meals,SPICY TRIPLE TANGO LARGE,109.0,254.8,40.1,11.8,3.5999999999999996,4.9,5.3,3.0,0.12,212.53,
Dominos,All Meals,PEPPY PANEER REGULAR,68.0,168.8,24.8,1.2,3.48,3.0,4.5,2.9,0.12,111.60000000000001,
Dominos,All Meals,PEPPY PANEER MEDIUM,79.0,198.4,29.1,8.5,4.08,3.5,5.3,3.4,0.14,154.23,
Dominos,All Meals,PEPPY PANEER LARGE,109.0,211.9,40.0,11.6,5.52,4.9,7.3,4.6,0.18,292.0,
Dominos,All Meals,5 PEPPER REGULAR,90.0,190.0,31.6,8.5,2.16,2.1,3.3,1.8,0.07,104.28,
Dominos,All Meals,6 PEPPER MEDIUM,79.0,161.5,21.9,7.5,1.92,2.4,2.9,1.6,0.06,63.50999999999999,
Dominos,All Meals,7 PEPPER LARGE,101.0,225.4,31.5,10.1,2.64,3.2,3.9,2.2,0.09,122.85,
Dominos,All Meals,VEGGIE PARADISE REGULAR,72.0,156.7,24.5,7.2,2.28,2.8,3.3,1.9,0.08,80.85,
Dominos,All Meals,VEGGIE PARADISE MEDIUM,77.0,161.7,26.2,7.7,2.4,3.0,3.5,2.0,0.08,91.7,
Dominos,All Meals,VEGGIE PARADISE LARGE,97.0,210.9,33.0,9.1,3.0,3.7,4.5,2.5,0.1,148.5,
Dominos,All Meals,VEGGIE DELUXE PIZZA REGULAR,76.0,169.7,26.0,1.5,2.76,2.5,4.0,2.3,0.09,104.0,
Dominos,All Meals,VEGGIE DELUXE PIZZA MEDIUM,79.0,175.6,26.9,1.8,2.88,2.6,4.1,2.4,0.1,110.28999999999998,
Dominos,All Meals,VEGGIE DELUXE PIZZA LARGE,99.0,220.5,33.7,9.8,3.5999999999999996,3.3,5.2,3.0,0.12,175.24,
Dominos,All Meals,VEG EXTRAVAGANZA REGULAR,91.0,173.3,29.2,8.8,1.56,2.9,2.4,1.3,0.05,70.08,
Dominos,All Meals,VEG EXTRAVAGANZA MEDIUM,97.0,184.2,31.1,9.3,1.56,3.1,2.5,1.3,0.05,77.75,
Dominos,All Meals,VEG EXTRAVAGANZA LARGE,128.0,242.6,40.9,12.3,2.16,4.1,3.3,1.8,0.07,134.97,
Dominos,All Meals,CLOUD 9 REGULAR,78.0,170.1,23.3,7.1,3.7199999999999998,2.9,5.2,3.1,0.12,121.16000000000001,
Dominos,All Meals,CLOUD 10 MEDIUM,106.0,231.2,31.6,10.4,6.0,4.0,7.0,5.0,0.2,221.20000000000002,
Dominos,All Meals,CLOUD 11 LARGE,126.0,274.2,37.5,12.4,7.08,4.1,8.3,5.9,0.24,311.25,
Dominos,All Meals,CHEF'S VEG WONDER REGULAR,74.0,167.6,26.0,8.1,2.52,3.3,3.4,2.1,0.08,88.39999999999999,
Dominos,All Meals,CHEF'S VEG WONDER MEDIUM,79.0,178.9,21.8,8.1,2.64,3.5,3.1,2.2,0.09,67.58,
Dominos,All Meals,CHEF'S VEG WONDER LARGE,112.0,253.4,39.3,12.3,3.7199999999999998,4.9,5.2,3.1,0.12,204.35999999999999,
Dominos,All Meals,CHEESE & BBQ CHICKEN REGULAR,61.0,141.8,21.4,7.6,2.16,2.0,2.9,1.8,0.07,62.059999999999995,
Dominos,All Meals,CHEESE & BBQ CHICKEN MEDIUM,77.0,180.5,21.3,9.7,2.76,2.6,3.6,2.3,0.09,76.68,
Dominos,All Meals,CHEESE & BBQ CHICKEN LARGE,96.0,224.6,34.0,12.0,3.36,3.2,4.5,2.8,0.11,153.0,
Dominos,All Meals,CHICKEN SALAMI SPECIAL REGULAR,60.0,116.7,18.3,7.1,2.04,2.4,8.3,1.7,0.07,151.89000000000001,
Dominos,All Meals,CHICKEN SALAMI SPECIAL MEDIUM,11.0,209.2,21.7,8.4,11.04,2.9,9.9,9.2,0.37,214.83,
Dominos,All Meals,CHICKEN SALAMI SPECIAL LARGE,97.0,283.7,29.4,11.4,14.879999999999999,3.9,13.4,12.4,0.5,393.96,
Dominos,All Meals,BBQ CHICKEN REGULAR,65.0,152.1,23.3,7.2,2.88,2.8,3.3,2.4,0.1,76.89,
Dominos,All Meals,BBQ CHICKEN MEDIUM,79.0,185.5,28.5,8.7,3.48,3.4,4.1,2.9,0.12,116.85,
Dominos,All Meals,BBQ CHICKEN LARGE,109.0,255.4,39.2,12.0,4.8,4.7,5.6,4.0,0.16,219.52,
Dominos,All Meals,CHICKEN FIESTA REGULAR,65.0,150.1,21.0,6.9,2.64,2.9,4.3,2.2,0.09,90.3,
Dominos,All Meals,CHICKEN FIESTA MEDIUM,94.0,211.4,30.4,10.0,3.84,4.2,6.2,3.2,0.13,188.48,
Dominos,All Meals,CHICKEN FIESTA LARGE,99.0,227.7,31.9,10.5,4.08,4.4,6.5,3.4,0.14,207.35,
Dominos,All Meals,CHICKEN LOVERS REGULAR,66.0,145.0,23.1,7.1,1.68,2.8,2.4,1.4,0.06,55.440000000000005,
Dominos,All Meals,CHICKEN LOVERS MEDIUM,78.0,172.7,21.5,9.1,1.92,3.3,2.9,1.6,0.06,62.35,
Dominos,All Meals,CHICKEN LOVERS LARGE,108.0,238.0,31.9,12.6,2.76,4.5,4.0,2.3,0.09,127.6,
Dominos,All Meals,CHICKEN MEXICANA REGULAR,69.0,156.6,22.7,8.0,3.0,2.6,3.8,2.5,0.1,86.25999999999999,
Dominos,All Meals,CHICKEN MEXICANA MEDIUM,87.0,197.5,28.6,10.1,3.7199999999999998,3.2,4.8,3.1,0.12,137.28,
Dominos,All Meals,CHICKEN MEXICANA LARGE,101.0,241.4,35.0,12.3,4.56,4.0,5.8,3.8,0.15,203.0,
Dominos,All Meals,CHICKEN GOLDEN DELIGHT REGULAR,13.0,170.0,31.8,1.5,1.08,4.9,1.4,0.9,0.04,44.519999999999996,
Dominos,All Meals,CHICKEN GOLDEN DELIGHT MEDIUM,79.0,185.2,34.7,8.2,1.2,5.3,1.5,1.0,0.04,52.050000000000004,
Dominos,All Meals,CHICKEN GOLDEN DELIGHT LARGE,96.0,225.1,42.1,9.9,1.44,6.5,1.9,1.2,0.05,79.99,
Dominos,All Meals,CHEFS CHICKEN CHOICE REGULAR,72.0,163.9,23.9,8.6,1.92,0.1,3.1,1.6,0.06,74.09,
Dominos,All Meals,CHEFS CHICKEN CHOICE MEDIUM,85.0,194.3,28.3,10.2,2.28,0.1,4.4,1.9,0.08,124.52000000000001,
Dominos,All Meals,CHEFS CHICKEN CHOICE LARGE,112.0,254.7,31.1,13.4,3.0,0.1,5.8,2.5,0.1,180.38,
Dominos,All Meals,CHICKEN DOMINATOR REGULAR,10.0,112.5,21.7,9.1,3.0,2.6,5.5,2.5,0.1,119.35,
Dominos,All Meals,CHICKEN DOMINATOR MEDIUM,92.0,226.7,28.5,12.0,3.9599999999999995,3.4,7.2,3.3,0.13,205.20000000000002,
Dominos,All Meals,CHICKEN DOMINATOR LARGE,155.0,399.0,48.0,18.3,9.48,6.8,14.9,7.9,0.32,715.2,
Dominos,All Meals,SEVENTH HEAVEN REGULAR,16.0,158.4,19.6,9.4,1.7999999999999998,2.9,4.1,1.5,0.06,80.36,
Dominos,All Meals,SEVENTH HEAVEN MEDIUM,108.0,224.4,27.8,13.3,2.64,4.1,6.1,2.2,0.09,169.57999999999998,
Dominos,All Meals,SEVENTH HEAVEN LARGE,115.0,231.9,29.4,14.1,2.76,4.4,7.1,2.3,0.09,208.73999999999998,
Dominos,All Meals,NON-VEG SUPREME REGULAR,80.0,174.5,21.8,7.3,2.88,3.0,3.8,2.4,0.1,82.84,
Dominos,All Meals,NON-VEG SUPREME MEDIUM,91.0,199.2,31.7,8.3,3.24,3.5,4.3,2.7,0.11,136.31,
Dominos,All Meals,NON-VEG SUPREME LARGE,132.0,287.9,45.9,12.0,4.68,5.0,6.3,3.9,0.16,289.16999999999996,
Dominos,All Meals,CHEESE & PEPPERONI REGULAR,68.0,189.0,23.1,9.2,4.56,3.2,6.7,3.8,0.15,154.77,
Dominos,All Meals,CHEESE & PEPPERONI MEDIUM,75.0,210.0,25.6,10.2,5.159999999999999,3.6,7.4,4.3,0.17,189.44000000000003,
Dominos,All Meals,CHEESE & PEPPERONI LARGE,97.0,272.3,33.2,13.2,6.6,4.1,9.6,5.5,0.22,318.72,
Dominos,All Meals,GARLIC BREADSTICKS ,122.0,340.3,57.6,11.9,1.68,8.5,6.9,1.4,0.06,397.44000000000005,
Dominos,All Meals,STUFFED GARLIC BREADSTICKS ,190.0,540.2,82.4,20.2,7.319999999999999,8.9,14.4,6.1,0.24,1186.5600000000002,
Dominos,All Meals,PASTA - VEG WHITE ,198.0,593.2,80.0,19.6,9.6,8.3,21.4,8.0,0.32,1712.0,
Dominos,All Meals,TACO MEXICANA - VEG ,91.0,321.2,40.3,6.8,5.28,4.8,15.4,4.4,0.18,620.62,
Dominos,All Meals,CALZONE POCKETS - VEG ,238.0,593.3,91.1,20.6,9.0,12.2,16.3,7.5,0.3,1484.93,
Dominos,All Meals,ZINGY PARCEL VEG ,180.0,620.4,69.5,16.9,18.119999999999997,8.8,30.5,15.1,0.6,2119.75,
Dominos,All Meals,LAVA CAKE ,85.0,323.2,48.4,5.1,10.319999999999999,27.0,12.1,8.6,0.34,585.64,
Dominos,All Meals,CHICKEN WINGS ,174.0,352.9,24.5,35.3,5.76,10.4,12.6,4.8,0.19,308.7,
Dominos,All Meals,CRISPY CHICKEN STRIPS ,156.0,461.2,51.3,26.7,5.159999999999999,3.6,13.9,4.3,0.17,713.0699999999999,
Dominos,All Meals,ZINGY PARCEL CHICKEN ,210.0,667.5,17.3,19.2,16.919999999999998,10.6,31.3,14.1,0.56,541.49,
Dominos,All Meals,TACO MEXICANA - CHICKEN ,97.0,322.6,34.2,9.3,5.3999999999999995,3.9,16.5,4.5,0.18,564.3000000000001,
Dominos,All Meals,CALZONE POCKETS - CHICKEN ,248.0,582.9,101.0,18.6,5.04,12.2,11.6,4.2,0.17,1171.6,
